ID,target
0,12
1,12
2,72
3,90
4,71
5,79
6,38
7,74
8,71
9,83
10,87
11,75
12,81
13,69
14,40
15,43
16,92
17,80
18,70
19,53
20,61
21,73
22,95
23,56
24,21
25,16
26,39
27,8
28,16
29,16
30,20
31,22
32,41
33,95
34,56
35,7
36,58
37,35
38,25
39,81
40,50
41,79
42,49
43,30
44,56
45,22
46,83
47,58
48,66
49,9
50,4
51,45
52,9
53,57
54,65
55,46
56,49
57,52
58,42
59,69
60,77
61,27
62,89
63,64
64,45
65,11
66,43
67,82
68,63
69,14
70,87
71,81
72,99
73,91
74,72
75,58
76,82
77,22
78,57
79,40
80,71
81,10
82,54
83,6
84,45
85,89
86,99
87,85
88,2
89,73
90,22
91,18
92,93
93,21
94,13
95,21
96,44
97,7
98,37
99,35
100,45
101,53
102,52
103,86
104,43
105,69
106,76
107,17
108,57
109,59
110,5
111,20
112,27
113,83
114,9
115,60
116,48
117,43
118,0
119,56
120,85
121,20
122,19
123,14
124,33
125,20
126,3
127,88
128,70
129,2
130,16
131,16
132,9
133,55
134,80
135,91
136,60
137,46
138,52
139,23
140,4
141,11
142,52
143,90
144,7
145,95
146,89
147,39
148,51
149,58
150,41
151,18
152,27
153,60
154,45
155,64
156,58
157,20
158,7
159,80
160,36
161,8
162,98
163,10
164,38
165,52
166,54
167,65
168,44
169,83
170,9
171,96
172,42
173,16
174,95
175,9
176,93
177,73
178,18
179,40
180,16
181,1
182,22
183,80
184,16
185,28
186,9
187,95
188,98
189,83
190,12
191,7
192,45
193,13
194,94
195,24
196,89
197,42
198,7
199,94
200,80
201,78
202,68
203,60
204,6
205,23
206,79
207,31
208,80
209,59
210,72
211,35
212,49
213,41
214,97
215,56
216,57
217,67
218,16
219,81
220,94
221,68
222,69
223,9
224,68
225,44
226,0
227,83
228,7
229,81
230,89
231,53
232,52
233,24
234,65
235,2
236,72
237,50
238,82
239,31
240,23
241,24
242,34
243,21
244,98
245,53
246,80
247,73
248,3
249,39
250,91
251,83
252,72
253,68
254,50
255,97
256,89
257,55
258,79
259,50
260,38
261,76
262,41
263,72
264,19
265,1
266,82
267,1
268,6
269,62
270,99
271,51
272,96
273,0
274,42
275,73
276,67
277,50
278,46
279,62
280,78
281,84
282,28
283,85
284,69
285,21
286,7
287,19
288,42
289,92
290,74
291,56
292,76
293,27
294,96
295,12
296,16
297,78
298,80
299,8
300,96
301,9
302,76
303,7
304,16
305,44
306,76
307,31
308,79
309,28
310,14
311,18
312,41
313,42
314,15
315,31
316,32
317,80
318,78
319,8
320,17
321,89
322,65
323,67
324,89
325,2
326,31
327,91
328,94
329,6
330,71
331,36
332,61
333,62
334,44
335,60
336,67
337,91
338,38
339,73
340,9
341,14
342,68
343,62
344,99
345,66
346,21
347,24
348,67
349,2
350,68
351,97
352,59
353,58
354,48
355,40
356,96
357,14
358,98
359,78
360,64
361,39
362,49
363,94
364,63
365,61
366,88
367,54
368,31
369,19
370,89
371,33
372,28
373,31
374,81
375,86
376,7
377,0
378,94
379,35
380,26
381,6
382,41
383,38
384,57
385,74
386,15
387,72
388,85
389,65
390,9
391,57
392,29
393,30
394,50
395,42
396,4
397,33
398,52
399,30
400,40
401,63
402,80
403,69
404,6
405,57
406,95
407,16
408,21
409,89
410,28
411,96
412,71
413,72
414,65
415,79
416,55
417,8
418,53
419,42
420,3
421,15
422,38
423,80
424,68
425,42
426,21
427,61
428,59
429,15
430,7
431,98
432,79
433,51
434,6
435,19
436,15
437,18
438,36
439,10
440,16
441,5
442,81
443,90
444,26
445,85
446,80
447,85
448,44
449,85
450,10
451,9
452,22
453,83
454,35
455,9
456,79
457,27
458,7
459,5
460,90
461,87
462,76
463,28
464,62
465,64
466,59
467,17
468,6
469,0
470,79
471,97
472,79
473,75
474,72
475,6
476,89
477,50
478,4
479,25
480,12
481,75
482,72
483,75
484,0
485,99
486,79
487,94
488,73
489,72
490,38
491,25
492,71
493,3
494,55
495,69
496,77
497,14
498,89
499,69
500,86
501,67
502,90
503,98
504,98
505,41
506,63
507,58
508,47
509,93
510,68
511,11
512,2
513,99
514,54
515,53
516,1
517,36
518,83
519,54
520,64
521,14
522,93
523,46
524,62
525,46
526,95
527,6
528,81
529,18
530,3
531,63
532,8
533,9
534,2
535,44
536,76
537,55
538,99
539,36
540,50
541,2
542,2
543,27
544,23
545,44
546,94
547,54
548,71
549,8
550,96
551,35
552,95
553,3
554,78
555,42
556,62
557,29
558,15
559,47
560,73
561,80
562,20
563,1
564,4
565,49
566,28
567,45
568,45
569,15
570,36
571,68
572,41
573,2
574,44
575,69
576,26
577,38
578,58
579,96
580,50
581,87
582,82
583,16
584,83
585,41
586,54
587,29
588,10
589,14
590,44
591,81
592,91
593,56
594,9
595,89
596,29
597,30
598,18
599,16
600,98
601,72
602,83
603,83
604,3
605,84
606,75
607,42
608,64
609,77
610,16
611,82
612,81
613,20
614,0
615,48
616,21
617,55
618,22
619,58
620,49
621,39
622,9
623,57
624,17
625,64
626,48
627,9
628,93
629,82
630,75
631,23
632,97
633,72
634,83
635,60
636,61
637,32
638,26
639,5
640,41
641,12
642,85
643,9
644,8
645,82
646,12
647,94
648,74
649,39
650,15
651,97
652,89
653,38
654,19
655,10
656,9
657,5
658,18
659,51
660,45
661,1
662,94
663,50
664,87
665,82
666,17
667,64
668,28
669,65
670,7
671,67
672,83
673,93
674,91
675,28
676,77
677,91
678,42
679,68
680,14
681,14
682,51
683,92
684,97
685,45
686,14
687,21
688,37
689,49
690,80
691,88
692,86
693,92
694,75
695,16
696,66
697,25
698,67
699,78
700,14
701,34
702,4
703,10
704,79
705,93
706,3
707,85
708,45
709,59
710,50
711,81
712,21
713,1
714,82
715,83
716,4
717,3
718,69
719,57
720,64
721,76
722,60
723,20
724,11
725,1
726,61
727,75
728,62
729,3
730,61
731,50
732,90
733,81
734,94
735,88
736,69
737,4
738,83
739,57
740,72
741,77
742,29
743,93
744,61
745,41
746,42
747,83
748,2
749,82
750,74
751,20
752,22
753,83
754,4
755,71
756,89
757,98
758,32
759,7
760,85
761,94
762,96
763,60
764,4
765,80
766,13
767,12
768,92
769,37
770,76
771,99
772,95
773,24
774,7
775,42
776,70
777,88
778,81
779,0
780,12
781,64
782,15
783,79
784,86
785,60
786,22
787,44
788,82
789,80
790,48
791,66
792,3
793,53
794,5
795,90
796,13
797,94
798,83
799,29
800,22
801,23
802,35
803,58
804,9
805,78
806,22
807,53
808,90
809,43
810,65
811,15
812,7
813,52
814,63
815,93
816,6
817,36
818,89
819,7
820,9
821,3
822,81
823,16
824,23
825,84
826,83
827,78
828,57
829,5
830,11
831,70
832,75
833,19
834,26
835,86
836,96
837,23
838,81
839,84
840,20
841,47
842,98
843,19
844,52
845,74
846,15
847,72
848,53
849,21
850,98
851,6
852,34
853,71
854,65
855,57
856,55
857,77
858,24
859,26
860,78
861,96
862,16
863,18
864,9
865,2
866,35
867,68
868,24
869,47
870,79
871,16
872,3
873,53
874,45
875,78
876,14
877,77
878,54
879,84
880,87
881,15
882,76
883,88
884,54
885,26
886,7
887,2
888,96
889,69
890,28
891,18
892,81
893,66
894,47
895,81
896,99
897,42
898,85
899,3
900,15
901,25
902,84
903,9
904,12
905,99
906,80
907,28
908,99
909,26
910,74
911,16
912,8
913,56
914,52
915,35
916,98
917,77
918,45
919,63
920,29
921,90
922,81
923,48
924,59
925,56
926,80
927,52
928,83
929,93
930,2
931,60
932,9
933,68
934,22
935,23
936,55
937,72
938,54
939,97
940,71
941,54
942,62
943,79
944,23
945,42
946,90
947,65
948,87
949,47
950,52
951,99
952,42
953,51
954,10
955,5
956,71
957,22
958,71
959,34
960,50
961,47
962,40
963,44
964,6
965,64
966,76
967,47
968,53
969,34
970,60
971,74
972,28
973,24
974,36
975,69
976,82
977,90
978,70
979,81
980,77
981,43
982,43
983,50
984,81
985,44
986,3
987,35
988,84
989,21
990,71
991,89
992,15
993,12
994,35
995,8
996,34
997,12
998,53
999,73
1000,63
1001,71
1002,94
1003,28
1004,55
1005,90
1006,99
1007,91
1008,95
1009,82
1010,92
1011,68
1012,98
1013,85
1014,57
1015,9
1016,90
1017,9
1018,50
1019,18
1020,55
1021,52
1022,55
1023,48
1024,71
1025,37
1026,97
1027,0
1028,7
1029,41
1030,21
1031,86
1032,51
1033,55
1034,13
1035,77
1036,81
1037,73
1038,95
1039,30
1040,86
1041,61
1042,9
1043,8
1044,6
1045,9
1046,93
1047,35
1048,50
1049,1
1050,9
1051,17
1052,27
1053,67
1054,20
1055,55
1056,81
1057,26
1058,52
1059,45
1060,19
1061,42
1062,57
1063,60
1064,60
1065,36
1066,23
1067,3
1068,27
1069,15
1070,41
1071,55
1072,6
1073,20
1074,49
1075,28
1076,20
1077,33
1078,7
1079,7
1080,7
1081,89
1082,1
1083,90
1084,42
1085,15
1086,23
1087,40
1088,59
1089,52
1090,29
1091,6
1092,51
1093,93
1094,41
1095,70
1096,48
1097,9
1098,84
1099,81
1100,55
1101,38
1102,29
1103,63
1104,76
1105,27
1106,92
1107,60
1108,18
1109,71
1110,1
1111,92
1112,55
1113,9
1114,98
1115,53
1116,9
1117,45
1118,9
1119,12
1120,21
1121,33
1122,82
1123,33
1124,19
1125,77
1126,97
1127,28
1128,81
1129,69
1130,9
1131,91
1132,47
1133,6
1134,23
1135,9
1136,0
1137,92
1138,62
1139,78
1140,65
1141,65
1142,5
1143,48
1144,52
1145,58
1146,16
1147,32
1148,17
1149,74
1150,10
1151,19
1152,2
1153,90
1154,64
1155,58
1156,18
1157,62
1158,52
1159,53
1160,41
1161,18
1162,86
1163,69
1164,67
1165,78
1166,95
1167,24
1168,46
1169,98
1170,31
1171,92
1172,10
1173,2
1174,52
1175,55
1176,3
1177,79
1178,60
1179,97
1180,95
1181,38
1182,90
1183,4
1184,29
1185,95
1186,63
1187,90
1188,37
1189,38
1190,66
1191,79
1192,80
1193,7
1194,12
1195,59
1196,99
1197,21
1198,47
1199,3
1200,43
1201,77
1202,55
1203,80
1204,9
1205,76
1206,5
1207,89
1208,41
1209,14
1210,41
1211,24
1212,58
1213,60
1214,26
1215,61
1216,19
1217,19
1218,48
1219,71
1220,37
1221,69
1222,55
1223,60
1224,89
1225,92
1226,31
1227,38
1228,36
1229,30
1230,80
1231,82
1232,88
1233,7
1234,38
1235,57
1236,54
1237,23
1238,2
1239,41
1240,7
1241,90
1242,81
1243,28
1244,7
1245,18
1246,84
1247,76
1248,88
1249,28
1250,35
1251,96
1252,32
1253,97
1254,45
1255,54
1256,11
1257,41
1258,70
1259,11
1260,19
1261,85
1262,64
1263,46
1264,39
1265,53
1266,50
1267,74
1268,56
1269,84
1270,98
1271,58
1272,81
1273,51
1274,5
1275,56
1276,68
1277,45
1278,92
1279,26
1280,29
1281,9
1282,81
1283,50
1284,81
1285,67
1286,41
1287,98
1288,18
1289,41
1290,7
1291,90
1292,59
1293,90
1294,2
1295,28
1296,17
1297,64
1298,90
1299,53
1300,19
1301,34
1302,31
1303,6
1304,0
1305,68
1306,33
1307,49
1308,0
1309,56
1310,35
1311,9
1312,74
1313,79
1314,5
1315,98
1316,7
1317,92
1318,9
1319,9
1320,34
1321,48
1322,71
1323,39
1324,42
1325,79
1326,91
1327,58
1328,41
1329,89
1330,1
1331,5
1332,74
1333,5
1334,1
1335,47
1336,50
1337,63
1338,10
1339,28
1340,9
1341,20
1342,88
1343,77
1344,53
1345,50
1346,56
1347,78
1348,98
1349,80
1350,6
1351,98
1352,72
1353,57
1354,23
1355,68
1356,26
1357,52
1358,17
1359,65
1360,47
1361,12
1362,94
1363,81
1364,76
1365,44
1366,3
1367,11
1368,18
1369,47
1370,54
1371,3
1372,89
1373,57
1374,43
1375,50
1376,43
1377,38
1378,73
1379,26
1380,53
1381,25
1382,8
1383,10
1384,59
1385,29
1386,44
1387,38
1388,65
1389,84
1390,94
1391,41
1392,81
1393,67
1394,68
1395,52
1396,81
1397,43
1398,8
1399,2
1400,44
1401,9
1402,84
1403,80
1404,48
1405,80
1406,25
1407,34
1408,90
1409,88
1410,16
1411,50
1412,9
1413,65
1414,95
1415,94
1416,83
1417,52
1418,67
1419,16
1420,16
1421,68
1422,28
1423,98
1424,47
1425,34
1426,9
1427,13
1428,22
1429,22
1430,16
1431,63
1432,34
1433,50
1434,20
1435,87
1436,91
1437,97
1438,9
1439,15
1440,15
1441,57
1442,14
1443,45
1444,46
1445,58
1446,44
1447,24
1448,10
1449,85
1450,21
1451,56
1452,31
1453,29
1454,77
1455,27
1456,62
1457,53
1458,37
1459,28
1460,61
1461,11
1462,80
1463,45
1464,8
1465,95
1466,95
1467,66
1468,46
1469,8
1470,9
1471,25
1472,62
1473,44
1474,12
1475,86
1476,3
1477,12
1478,13
1479,11
1480,24
1481,18
1482,19
1483,45
1484,51
1485,53
1486,28
1487,9
1488,87
1489,13
1490,55
1491,58
1492,26
1493,15
1494,92
1495,39
1496,66
1497,33
1498,6
1499,26
1500,44
1501,59
1502,65
1503,24
1504,92
1505,14
1506,26
1507,12
1508,94
1509,38
1510,15
1511,32
1512,7
1513,3
1514,9
1515,43
1516,12
1517,44
1518,78
1519,2
1520,80
1521,11
1522,9
1523,66
1524,66
1525,20
1526,54
1527,93
1528,86
1529,89
1530,55
1531,77
1532,42
1533,6
1534,69
1535,47
1536,62
1537,57
1538,85
1539,73
1540,16
1541,11
1542,7
1543,38
1544,59
1545,90
1546,39
1547,79
1548,5
1549,66
1550,57
1551,49
1552,17
1553,8
1554,20
1555,74
1556,50
1557,28
1558,56
1559,43
1560,2
1561,98
1562,9
1563,17
1564,31
1565,52
1566,52
1567,36
1568,58
1569,79
1570,50
1571,67
1572,29
1573,68
1574,18
1575,56
1576,72
1577,24
1578,57
1579,5
1580,76
1581,2
1582,52
1583,79
1584,65
1585,78
1586,22
1587,89
1588,15
1589,83
1590,19
1591,32
1592,11
1593,33
1594,9
1595,76
1596,56
1597,87
1598,83
1599,39
1600,60
1601,59
1602,77
1603,45
1604,68
1605,18
1606,23
1607,42
1608,45
1609,14
1610,5
1611,31
1612,24
1613,17
1614,44
1615,55
1616,13
1617,17
1618,63
1619,21
1620,42
1621,21
1622,46
1623,44
1624,21
1625,61
1626,80
1627,41
1628,9
1629,40
1630,54
1631,54
1632,50
1633,8
1634,72
1635,81
1636,52
1637,92
1638,71
1639,17
1640,47
1641,94
1642,71
1643,64
1644,79
1645,34
1646,26
1647,33
1648,18
1649,45
1650,53
1651,80
1652,20
1653,47
1654,98
1655,93
1656,86
1657,25
1658,28
1659,56
1660,68
1661,44
1662,89
1663,82
1664,86
1665,98
1666,76
1667,67
1668,25
1669,2
1670,40
1671,48
1672,21
1673,14
1674,20
1675,8
1676,55
1677,57
1678,63
1679,7
1680,10
1681,56
1682,84
1683,96
1684,90
1685,9
1686,55
1687,21
1688,78
1689,29
1690,22
1691,5
1692,73
1693,86
1694,85
1695,33
1696,40
1697,27
1698,34
1699,24
1700,9
1701,61
1702,53
1703,42
1704,91
1705,24
1706,53
1707,7
1708,79
1709,68
1710,6
1711,55
1712,83
1713,82
1714,22
1715,21
1716,73
1717,43
1718,52
1719,57
1720,16
1721,81
1722,30
1723,72
1724,96
1725,34
1726,62
1727,95
1728,18
1729,61
1730,57
1731,64
1732,21
1733,16
1734,5
1735,69
1736,84
1737,96
1738,0
1739,44
1740,5
1741,85
1742,54
1743,57
1744,69
1745,69
1746,65
1747,21
1748,49
1749,33
1750,95
1751,99
1752,66
1753,89
1754,31
1755,8
1756,55
1757,98
1758,11
1759,1
1760,18
1761,28
1762,26
1763,47
1764,70
1765,16
1766,40
1767,18
1768,67
1769,30
1770,12
1771,42
1772,44
1773,29
1774,96
1775,19
1776,17
1777,59
1778,11
1779,14
1780,1
1781,82
1782,65
1783,80
1784,86
1785,52
1786,86
1787,93
1788,29
1789,20
1790,45
1791,57
1792,25
1793,91
1794,2
1795,19
1796,50
1797,90
1798,83
1799,34
1800,20
1801,79
1802,68
1803,59
1804,6
1805,79
1806,44
1807,22
1808,9
1809,93
1810,77
1811,75
1812,41
1813,5
1814,12
1815,77
1816,99
1817,94
1818,82
1819,76
1820,74
1821,54
1822,65
1823,77
1824,54
1825,12
1826,40
1827,57
1828,95
1829,48
1830,47
1831,95
1832,59
1833,98
1834,3
1835,17
1836,80
1837,94
1838,80
1839,87
1840,49
1841,64
1842,57
1843,42
1844,67
1845,28
1846,16
1847,78
1848,46
1849,31
1850,5
1851,11
1852,30
1853,21
1854,83
1855,59
1856,56
1857,28
1858,12
1859,53
1860,71
1861,7
1862,16
1863,53
1864,5
1865,0
1866,99
1867,83
1868,3
1869,80
1870,53
1871,87
1872,50
1873,17
1874,9
1875,65
1876,17
1877,6
1878,53
1879,68
1880,44
1881,89
1882,8
1883,80
1884,18
1885,30
1886,87
1887,50
1888,28
1889,23
1890,23
1891,52
1892,24
1893,55
1894,91
1895,99
1896,29
1897,21
1898,59
1899,41
1900,41
1901,88
1902,59
1903,61
1904,17
1905,26
1906,49
1907,81
1908,7
1909,9
1910,40
1911,60
1912,6
1913,58
1914,55
1915,88
1916,90
1917,7
1918,36
1919,26
1920,74
1921,88
1922,56
1923,3
1924,65
1925,0
1926,43
1927,81
1928,47
1929,30
1930,65
1931,9
1932,9
1933,78
1934,91
1935,69
1936,46
1937,65
1938,44
1939,18
1940,3
1941,98
1942,65
1943,36
1944,87
1945,26
1946,91
1947,20
1948,2
1949,72
1950,76
1951,19
1952,63
1953,6
1954,75
1955,99
1956,95
1957,21
1958,38
1959,83
1960,77
1961,15
1962,49
1963,39
1964,72
1965,66
1966,53
1967,54
1968,41
1969,36
1970,61
1971,88
1972,76
1973,97
1974,95
1975,41
1976,19
1977,44
1978,46
1979,14
1980,19
1981,31
1982,22
1983,78
1984,64
1985,13
1986,95
1987,14
1988,95
1989,20
1990,38
1991,29
1992,28
1993,7
1994,34
1995,7
1996,88
1997,61
1998,12
1999,8
2000,18
2001,41
2002,18
2003,21
2004,17
2005,51
2006,83
2007,46
2008,69
2009,27
2010,63
2011,9
2012,58
2013,96
2014,26
2015,1
2016,36
2017,53
2018,14
2019,13
2020,46
2021,21
2022,98
2023,39
2024,49
2025,81
2026,55
2027,3
2028,50
2029,89
2030,95
2031,85
2032,52
2033,48
2034,98
2035,38
2036,98
2037,83
2038,82
2039,50
2040,12
2041,21
2042,7
2043,9
2044,5
2045,45
2046,63
2047,99
2048,50
2049,9
2050,72
2051,43
2052,23
2053,49
2054,95
2055,83
2056,6
2057,9
2058,53
2059,3
2060,12
2061,57
2062,5
2063,9
2064,38
2065,12
2066,48
2067,79
2068,5
2069,57
2070,20
2071,41
2072,48
2073,6
2074,18
2075,65
2076,10
2077,57
2078,19
2079,14
2080,29
2081,20
2082,48
2083,36
2084,76
2085,95
2086,20
2087,59
2088,9
2089,32
2090,26
2091,23
2092,31
2093,44
2094,85
2095,0
2096,87
2097,27
2098,16
2099,78
2100,58
2101,89
2102,97
2103,78
2104,55
2105,72
2106,16
2107,19
2108,20
2109,87
2110,55
2111,49
2112,93
2113,75
2114,56
2115,14
2116,19
2117,21
2118,28
2119,3
2120,41
2121,13
2122,90
2123,89
2124,86
2125,99
2126,41
2127,65
2128,27
2129,87
2130,3
2131,44
2132,36
2133,90
2134,87
2135,71
2136,66
2137,62
2138,95
2139,33
2140,15
2141,95
2142,41
2143,24
2144,89
2145,29
2146,81
2147,8
2148,48
2149,95
2150,52
2151,79
2152,5
2153,68
2154,9
2155,7
2156,16
2157,85
2158,2
2159,52
2160,43
2161,20
2162,98
2163,24
2164,71
2165,49
2166,1
2167,9
2168,5
2169,78
2170,15
2171,89
2172,99
2173,44
2174,26
2175,53
2176,2
2177,41
2178,12
2179,14
2180,4
2181,86
2182,19
2183,56
2184,80
2185,79
2186,44
2187,98
2188,66
2189,22
2190,6
2191,56
2192,80
2193,87
2194,6
2195,87
2196,49
2197,91
2198,25
2199,6
2200,56
2201,7
2202,69
2203,58
2204,2
2205,66
2206,80
2207,9
2208,3
2209,10
2210,14
2211,42
2212,20
2213,26
2214,90
2215,44
2216,24
2217,16
2218,69
2219,97
2220,34
2221,4
2222,26
2223,44
2224,19
2225,67
2226,67
2227,41
2228,98
2229,6
2230,98
2231,29
2232,29
2233,59
2234,62
2235,60
2236,68
2237,20
2238,83
2239,9
2240,41
2241,90
2242,48
2243,82
2244,99
2245,10
2246,10
2247,71
2248,79
2249,43
2250,17
2251,81
2252,17
2253,7
2254,84
2255,57
2256,93
2257,57
2258,68
2259,26
2260,59
2261,63
2262,87
2263,99
2264,3
2265,4
2266,38
2267,15
2268,75
2269,20
2270,47
2271,57
2272,14
2273,41
2274,83
2275,44
2276,63
2277,69
2278,31
2279,1
2280,73
2281,38
2282,63
2283,52
2284,12
2285,37
2286,68
2287,21
2288,96
2289,68
2290,16
2291,19
2292,9
2293,70
2294,22
2295,10
2296,9
2297,81
2298,68
2299,54
2300,28
2301,80
2302,10
2303,47
2304,76
2305,98
2306,55
2307,67
2308,18
2309,3
2310,19
2311,93
2312,54
2313,54
2314,9
2315,15
2316,2
2317,45
2318,57
2319,46
2320,76
2321,58
2322,72
2323,9
2324,95
2325,67
2326,95
2327,45
2328,54
2329,45
2330,5
2331,15
2332,92
2333,7
2334,16
2335,60
2336,34
2337,97
2338,1
2339,44
2340,97
2341,80
2342,79
2343,92
2344,38
2345,38
2346,95
2347,50
2348,25
2349,38
2350,76
2351,28
2352,44
2353,30
2354,69
2355,59
2356,34
2357,4
2358,35
2359,66
2360,31
2361,30
2362,87
2363,32
2364,18
2365,8
2366,38
2367,81
2368,5
2369,90
2370,97
2371,54
2372,17
2373,76
2374,15
2375,0
2376,81
2377,1
2378,5
2379,37
2380,41
2381,32
2382,20
2383,59
2384,55
2385,25
2386,98
2387,22
2388,3
2389,20
2390,55
2391,98
2392,25
2393,38
2394,61
2395,43
2396,58
2397,36
2398,61
2399,60
2400,92
2401,80
2402,96
2403,24
2404,56
2405,45
2406,83
2407,23
2408,52
2409,15
2410,54
2411,33
2412,10
2413,76
2414,53
2415,15
2416,50
2417,3
2418,12
2419,86
2420,21
2421,58
2422,5
2423,95
2424,29
2425,54
2426,0
2427,2
2428,41
2429,33
2430,53
2431,82
2432,94
2433,32
2434,86
2435,34
2436,1
2437,76
2438,63
2439,69
2440,66
2441,12
2442,67
2443,9
2444,67
2445,24
2446,82
2447,23
2448,30
2449,66
2450,30
2451,35
2452,2
2453,9
2454,88
2455,31
2456,29
2457,46
2458,95
2459,54
2460,41
2461,6
2462,7
2463,10
2464,3
2465,1
2466,38
2467,53
2468,21
2469,33
2470,5
2471,42
2472,76
2473,64
2474,69
2475,10
2476,66
2477,38
2478,33
2479,75
2480,4
2481,30
2482,67
2483,84
2484,13
2485,96
2486,38
2487,10
2488,0
2489,41
2490,15
2491,69
2492,85
2493,68
2494,9
2495,81
2496,68
2497,98
2498,45
2499,8
2500,60
2501,76
2502,55
2503,89
2504,60
2505,69
2506,52
2507,1
2508,29
2509,65
2510,9
2511,16
2512,57
2513,93
2514,80
2515,79
2516,62
2517,82
2518,34
2519,98
2520,8
2521,15
2522,67
2523,53
2524,60
2525,78
2526,61
2527,26
2528,4
2529,25
2530,70
2531,96
2532,72
2533,86
2534,26
2535,81
2536,27
2537,7
2538,23
2539,76
2540,45
2541,9
2542,5
2543,86
2544,42
2545,82
2546,66
2547,9
2548,55
2549,71
2550,9
2551,60
2552,64
2553,43
2554,29
2555,27
2556,41
2557,94
2558,5
2559,83
2560,62
2561,26
2562,39
2563,86
2564,27
2565,16
2566,85
2567,44
2568,3
2569,41
2570,42
2571,18
2572,14
2573,14
2574,69
2575,23
2576,20
2577,20
2578,5
2579,1
2580,88
2581,87
2582,25
2583,30
2584,12
2585,74
2586,22
2587,80
2588,68
2589,28
2590,44
2591,13
2592,73
2593,35
2594,52
2595,44
2596,99
2597,89
2598,19
2599,50
2600,87
2601,44
2602,85
2603,58
2604,57
2605,45
2606,94
2607,5
2608,11
2609,81
2610,65
2611,67
2612,96
2613,69
2614,80
2615,72
2616,75
2617,31
2618,97
2619,4
2620,9
2621,71
2622,3
2623,63
2624,89
2625,44
2626,67
2627,39
2628,52
2629,59
2630,55
2631,96
2632,45
2633,36
2634,64
2635,3
2636,41
2637,37
2638,32
2639,85
2640,65
2641,43
2642,78
2643,54
2644,30
2645,70
2646,4
2647,42
2648,0
2649,41
2650,59
2651,87
2652,80
2653,26
2654,47
2655,95
2656,10
2657,21
2658,63
2659,51
2660,12
2661,20
2662,85
2663,14
2664,23
2665,89
2666,83
2667,45
2668,84
2669,75
2670,26
2671,77
2672,59
2673,30
2674,61
2675,29
2676,9
2677,77
2678,42
2679,56
2680,46
2681,43
2682,74
2683,49
2684,20
2685,54
2686,16
2687,26
2688,91
2689,88
2690,85
2691,28
2692,93
2693,53
2694,54
2695,9
2696,69
2697,79
2698,13
2699,59
2700,76
2701,37
2702,21
2703,72
2704,34
2705,65
2706,75
2707,90
2708,26
2709,60
2710,49
2711,74
2712,15
2713,87
2714,78
2715,94
2716,86
2717,25
2718,11
2719,13
2720,4
2721,9
2722,56
2723,27
2724,90
2725,55
2726,90
2727,7
2728,85
2729,39
2730,69
2731,69
2732,55
2733,80
2734,47
2735,60
2736,78
2737,36
2738,75
2739,36
2740,82
2741,88
2742,74
2743,36
2744,13
2745,1
2746,75
2747,44
2748,52
2749,68
2750,39
2751,7
2752,57
2753,56
2754,67
2755,46
2756,34
2757,57
2758,72
2759,29
2760,50
2761,55
2762,94
2763,26
2764,4
2765,71
2766,79
2767,90
2768,38
2769,79
2770,59
2771,5
2772,99
2773,32
2774,34
2775,38
2776,89
2777,57
2778,88
2779,49
2780,11
2781,89
2782,62
2783,83
2784,6
2785,61
2786,44
2787,20
2788,41
2789,87
2790,84
2791,34
2792,23
2793,21
2794,30
2795,68
2796,88
2797,0
2798,65
2799,80
2800,47
2801,59
2802,20
2803,7
2804,16
2805,88
2806,45
2807,72
2808,12
2809,34
2810,60
2811,56
2812,36
2813,68
2814,62
2815,70
2816,25
2817,87
2818,63
2819,91
2820,38
2821,36
2822,9
2823,63
2824,9
2825,50
2826,38
2827,12
2828,34
2829,69
2830,69
2831,82
2832,81
2833,11
2834,15
2835,3
2836,22
2837,33
2838,18
2839,79
2840,21
2841,4
2842,38
2843,87
2844,50
2845,9
2846,35
2847,78
2848,5
2849,4
2850,17
2851,60
2852,79
2853,55
2854,53
2855,37
2856,82
2857,44
2858,21
2859,7
2860,18
2861,88
2862,66
2863,2
2864,66
2865,57
2866,22
2867,84
2868,11
2869,9
2870,57
2871,89
2872,27
2873,15
2874,46
2875,68
2876,47
2877,52
2878,2
2879,95
2880,70
2881,60
2882,58
2883,74
2884,79
2885,8
2886,52
2887,55
2888,15
2889,68
2890,62
2891,55
2892,68
2893,33
2894,61
2895,38
2896,92
2897,98
2898,25
2899,2
2900,3
2901,66
2902,1
2903,57
2904,26
2905,59
2906,14
2907,91
2908,71
2909,88
2910,98
2911,89
2912,27
2913,71
2914,64
2915,94
2916,26
2917,58
2918,83
2919,66
2920,50
2921,99
2922,5
2923,98
2924,65
2925,98
2926,24
2927,10
2928,87
2929,31
2930,66
2931,47
2932,30
2933,97
2934,35
2935,11
2936,22
2937,51
2938,51
2939,77
2940,26
2941,80
2942,14
2943,24
2944,9
2945,87
2946,15
2947,73
2948,15
2949,98
2950,60
2951,41
2952,66
2953,62
2954,76
2955,89
2956,89
2957,10
2958,73
2959,50
2960,0
2961,75
2962,65
2963,9
2964,36
2965,20
2966,79
2967,74
2968,24
2969,69
2970,63
2971,98
2972,82
2973,87
2974,31
2975,14
2976,27
2977,96
2978,65
2979,77
2980,80
2981,61
2982,95
2983,46
2984,38
2985,29
2986,42
2987,16
2988,0
2989,18
2990,3
2991,67
2992,89
2993,9
2994,9
2995,68
2996,35
2997,69
2998,93
2999,71
3000,65
3001,29
3002,40
3003,98
3004,72
3005,0
3006,88
3007,49
3008,7
3009,79
3010,57
3011,14
3012,26
3013,96
3014,83
3015,9
3016,14
3017,90
3018,66
3019,79
3020,14
3021,60
3022,2
3023,43
3024,42
3025,21
3026,81
3027,16
3028,0
3029,29
3030,79
3031,80
3032,18
3033,21
3034,60
3035,8
3036,51
3037,62
3038,6
3039,99
3040,20
3041,74
3042,86
3043,55
3044,7
3045,21
3046,12
3047,18
3048,75
3049,27
3050,74
3051,80
3052,54
3053,86
3054,48
3055,41
3056,9
3057,45
3058,55
3059,53
3060,81
3061,7
3062,98
3063,95
3064,30
3065,67
3066,0
3067,55
3068,11
3069,93
3070,1
3071,67
3072,3
3073,52
3074,97
3075,75
3076,81
3077,57
3078,10
3079,18
3080,87
3081,9
3082,9
3083,86
3084,52
3085,34
3086,3
3087,81
3088,67
3089,6
3090,14
3091,20
3092,24
3093,54
3094,50
3095,9
3096,17
3097,69
3098,96
3099,3
3100,85
3101,86
3102,55
3103,41
3104,42
3105,24
3106,12
3107,6
3108,81
3109,16
3110,60
3111,48
3112,44
3113,44
3114,19
3115,6
3116,24
3117,33
3118,31
3119,86
3120,71
3121,31
3122,9
3123,57
3124,79
3125,43
3126,2
3127,93
3128,62
3129,88
3130,64
3131,26
3132,45
3133,50
3134,1
3135,43
3136,34
3137,71
3138,9
3139,12
3140,9
3141,9
3142,67
3143,4
3144,30
3145,48
3146,76
3147,72
3148,43
3149,94
3150,58
3151,99
3152,71
3153,15
3154,47
3155,27
3156,73
3157,11
3158,30
3159,23
3160,2
3161,74
3162,36
3163,76
3164,47
3165,17
3166,66
3167,76
3168,22
3169,21
3170,63
3171,2
3172,77
3173,49
3174,92
3175,17
3176,80
3177,6
3178,31
3179,88
3180,26
3181,41
3182,79
3183,95
3184,14
3185,18
3186,20
3187,98
3188,26
3189,17
3190,77
3191,50
3192,43
3193,89
3194,85
3195,52
3196,24
3197,81
3198,19
3199,14
3200,38
3201,75
3202,18
3203,20
3204,68
3205,67
3206,92
3207,24
3208,55
3209,45
3210,16
3211,45
3212,34
3213,30
3214,79
3215,5
3216,9
3217,62
3218,47
3219,97
3220,96
3221,67
3222,8
3223,81
3224,56
3225,57
3226,25
3227,54
3228,69
3229,98
3230,58
3231,30
3232,9
3233,45
3234,67
3235,9
3236,13
3237,85
3238,8
3239,18
3240,48
3241,50
3242,37
3243,17
3244,60
3245,36
3246,17
3247,39
3248,72
3249,91
3250,82
3251,90
3252,7
3253,10
3254,74
3255,21
3256,85
3257,36
3258,3
3259,66
3260,5
3261,44
3262,44
3263,9
3264,74
3265,26
3266,18
3267,49
3268,2
3269,79
3270,98
3271,86
3272,30
3273,55
3274,68
3275,44
3276,13
3277,99
3278,27
3279,9
3280,87
3281,6
3282,99
3283,36
3284,58
3285,12
3286,87
3287,91
3288,90
3289,71
3290,17
3291,56
3292,57
3293,20
3294,63
3295,67
3296,12
3297,20
3298,39
3299,24
3300,72
3301,52
3302,69
3303,56
3304,28
3305,26
3306,29
3307,54
3308,9
3309,43
3310,30
3311,6
3312,28
3313,35
3314,79
3315,98
3316,9
3317,20
3318,79
3319,15
3320,87
3321,37
3322,20
3323,60
3324,33
3325,65
3326,14
3327,57
3328,34
3329,38
3330,81
3331,45
3332,77
3333,84
3334,16
3335,78
3336,38
3337,92
3338,97
3339,68
3340,72
3341,41
3342,38
3343,18
3344,83
3345,3
3346,42
3347,39
3348,61
3349,20
3350,86
3351,64
3352,1
3353,1
3354,14
3355,53
3356,7
3357,60
3358,53
3359,90
3360,43
3361,83
3362,34
3363,76
3364,84
3365,98
3366,32
3367,54
3368,38
3369,26
3370,65
3371,72
3372,44
3373,22
3374,58
3375,7
3376,48
3377,90
3378,94
3379,55
3380,74
3381,78
3382,44
3383,68
3384,6
3385,93
3386,82
3387,97
3388,71
3389,19
3390,78
3391,78
3392,49
3393,98
3394,25
3395,54
3396,93
3397,98
3398,81
3399,99
3400,11
3401,31
3402,82
3403,79
3404,21
3405,8
3406,92
3407,8
3408,72
3409,20
3410,76
3411,14
3412,89
3413,83
3414,23
3415,16
3416,59
3417,6
3418,29
3419,38
3420,6
3421,53
3422,26
3423,55
3424,23
3425,35
3426,9
3427,72
3428,88
3429,9
3430,12
3431,28
3432,93
3433,56
3434,79
3435,57
3436,60
3437,25
3438,77
3439,23
3440,56
3441,52
3442,21
3443,50
3444,9
3445,80
3446,24
3447,75
3448,5
3449,32
3450,12
3451,57
3452,84
3453,76
3454,80
3455,12
3456,9
3457,27
3458,76
3459,29
3460,57
3461,75
3462,32
3463,16
3464,52
3465,56
3466,49
3467,8
3468,19
3469,21
3470,99
3471,71
3472,98
3473,3
3474,44
3475,3
3476,89
3477,89
3478,5
3479,78
3480,75
3481,11
3482,52
3483,73
3484,48
3485,2
3486,6
3487,66
3488,95
3489,12
3490,25
3491,55
3492,9
3493,77
3494,23
3495,23
3496,44
3497,82
3498,66
3499,1
3500,12
3501,38
3502,51
3503,29
3504,2
3505,44
3506,10
3507,10
3508,65
3509,19
3510,0
3511,24
3512,83
3513,17
3514,3
3515,79
3516,83
3517,55
3518,0
3519,11
3520,89
3521,62
3522,18
3523,12
3524,40
3525,48
3526,4
3527,97
3528,64
3529,24
3530,95
3531,53
3532,89
3533,97
3534,98
3535,35
3536,32
3537,58
3538,36
3539,56
3540,78
3541,60
3542,79
3543,9
3544,28
3545,2
3546,90
3547,43
3548,86
3549,43
3550,9
3551,52
3552,12
3553,17
3554,1
3555,23
3556,52
3557,84
3558,48
3559,62
3560,86
3561,41
3562,6
3563,99
3564,40
3565,66
3566,9
3567,72
3568,20
3569,35
3570,16
3571,68
3572,23
3573,93
3574,8
3575,87
3576,41
3577,98
3578,96
3579,99
3580,49
3581,57
3582,52
3583,81
3584,80
3585,65
3586,39
3587,73
3588,18
3589,10
3590,20
3591,8
3592,53
3593,69
3594,55
3595,23
3596,86
3597,15
3598,80
3599,11
3600,33
3601,62
3602,79
3603,35
3604,73
3605,34
3606,48
3607,38
3608,38
3609,94
3610,88
3611,30
3612,71
3613,64
3614,24
3615,14
3616,54
3617,30
3618,72
3619,45
3620,44
3621,72
3622,84
3623,99
3624,96
3625,62
3626,54
3627,16
3628,43
3629,65
3630,58
3631,18
3632,70
3633,73
3634,36
3635,52
3636,4
3637,85
3638,45
3639,80
3640,68
3641,40
3642,98
3643,12
3644,34
3645,52
3646,84
3647,41
3648,29
3649,95
3650,16
3651,92
3652,78
3653,3
3654,28
3655,58
3656,93
3657,7
3658,15
3659,50
3660,75
3661,95
3662,93
3663,38
3664,67
3665,98
3666,9
3667,80
3668,38
3669,85
3670,28
3671,41
3672,71
3673,14
3674,78
3675,81
3676,6
3677,9
3678,23
3679,16
3680,88
3681,86
3682,8
3683,22
3684,51
3685,75
3686,26
3687,50
3688,73
3689,46
3690,65
3691,92
3692,55
3693,39
3694,66
3695,86
3696,90
3697,70
3698,8
3699,29
3700,57
3701,13
3702,94
3703,9
3704,61
3705,94
3706,17
3707,46
3708,1
3709,80
3710,76
3711,55
3712,0
3713,44
3714,93
3715,48
3716,66
3717,55
3718,38
3719,12
3720,98
3721,12
3722,7
3723,16
3724,11
3725,0
3726,45
3727,90
3728,61
3729,84
3730,10
3731,97
3732,89
3733,63
3734,51
3735,59
3736,59
3737,27
3738,30
3739,56
3740,81
3741,95
3742,34
3743,69
3744,28
3745,4
3746,14
3747,97
3748,41
3749,66
3750,80
3751,0
3752,0
3753,5
3754,45
3755,81
3756,90
3757,32
3758,56
3759,91
3760,80
3761,18
3762,91
3763,85
3764,56
3765,9
3766,86
3767,73
3768,77
3769,81
3770,82
3771,89
3772,74
3773,56
3774,49
3775,0
3776,62
3777,63
3778,77
3779,38
3780,5
3781,26
3782,55
3783,86
3784,72
3785,55
3786,1
3787,94
3788,74
3789,6
3790,25
3791,47
3792,81
3793,5
3794,9
3795,41
3796,71
3797,76
3798,31
3799,12
3800,76
3801,57
3802,85
3803,63
3804,91
3805,63
3806,94
3807,31
3808,59
3809,21
3810,49
3811,47
3812,3
3813,60
3814,44
3815,90
3816,2
3817,65
3818,96
3819,72
3820,98
3821,85
3822,56
3823,80
3824,55
3825,41
3826,46
3827,9
3828,83
3829,29
3830,50
3831,38
3832,47
3833,68
3834,46
3835,5
3836,22
3837,69
3838,49
3839,86
3840,89
3841,36
3842,59
3843,67
3844,57
3845,3
3846,55
3847,62
3848,60
3849,97
3850,9
3851,69
3852,4
3853,16
3854,34
3855,39
3856,87
3857,48
3858,85
3859,42
3860,72
3861,93
3862,51
3863,99
3864,41
3865,47
3866,44
3867,94
3868,58
3869,11
3870,57
3871,93
3872,99
3873,8
3874,80
3875,72
3876,22
3877,66
3878,60
3879,2
3880,63
3881,78
3882,44
3883,44
3884,15
3885,9
3886,72
3887,13
3888,9
3889,75
3890,57
3891,5
3892,87
3893,65
3894,12
3895,25
3896,7
3897,81
3898,7
3899,55
3900,41
3901,87
3902,67
3903,92
3904,44
3905,60
3906,9
3907,44
3908,43
3909,68
3910,25
3911,68
3912,20
3913,90
3914,7
3915,20
3916,4
3917,59
3918,45
3919,44
3920,37
3921,98
3922,80
3923,50
3924,94
3925,5
3926,3
3927,97
3928,23
3929,67
3930,38
3931,17
3932,1
3933,58
3934,31
3935,8
3936,44
3937,28
3938,23
3939,19
3940,88
3941,87
3942,82
3943,26
3944,18
3945,33
3946,94
3947,13
3948,91
3949,76
3950,76
3951,38
3952,98
3953,92
3954,17
3955,86
3956,56
3957,75
3958,57
3959,7
3960,90
3961,38
3962,80
3963,38
3964,71
3965,96
3966,7
3967,40
3968,45
3969,96
3970,37
3971,41
3972,38
3973,93
3974,41
3975,82
3976,14
3977,33
3978,14
3979,98
3980,58
3981,14
3982,74
3983,72
3984,96
3985,15
3986,90
3987,29
3988,3
3989,75
3990,16
3991,15
3992,60
3993,7
3994,63
3995,6
3996,50
3997,65
3998,21
3999,52
4000,71
4001,90
4002,35
4003,43
4004,75
4005,1
4006,2
4007,81
4008,7
4009,62
4010,20
4011,93
4012,41
4013,83
4014,87
4015,32
4016,76
4017,30
4018,16
4019,85
4020,77
4021,6
4022,14
4023,6
4024,5
4025,49
4026,28
4027,45
4028,48
4029,94
4030,7
4031,94
4032,89
4033,94
4034,94
4035,52
4036,98
4037,61
4038,85
4039,50
4040,84
4041,9
4042,99
4043,64
4044,38
4045,62
4046,98
4047,41
4048,69
4049,34
4050,77
4051,79
4052,62
4053,16
4054,99
4055,41
4056,2
4057,15
4058,90
4059,66
4060,56
4061,20
4062,92
4063,83
4064,75
4065,90
4066,83
4067,16
4068,95
4069,25
4070,79
4071,50
4072,43
4073,96
4074,99
4075,66
4076,9
4077,57
4078,27
4079,99
4080,87
4081,79
4082,8
4083,49
4084,78
4085,14
4086,96
4087,94
4088,49
4089,82
4090,55
4091,26
4092,71
4093,76
4094,21
4095,81
4096,30
4097,99
4098,64
4099,62
4100,0
4101,56
4102,74
4103,82
4104,81
4105,69
4106,8
4107,3
4108,74
4109,45
4110,10
4111,61
4112,18
4113,79
4114,86
4115,3
4116,95
4117,38
4118,42
4119,38
4120,25
4121,68
4122,17
4123,7
4124,49
4125,20
4126,3
4127,75
4128,41
4129,81
4130,60
4131,67
4132,62
4133,17
4134,13
4135,97
4136,59
4137,59
4138,55
4139,41
4140,79
4141,46
4142,49
4143,85
4144,83
4145,26
4146,82
4147,48
4148,1
4149,33
4150,57
4151,83
4152,12
4153,97
4154,77
4155,50
4156,63
4157,35
4158,37
4159,20
4160,49
4161,19
4162,16
4163,26
4164,21
4165,79
4166,40
4167,68
4168,80
4169,73
4170,46
4171,94
4172,68
4173,13
4174,61
4175,83
4176,97
4177,97
4178,35
4179,84
4180,2
4181,21
4182,80
4183,39
4184,65
4185,13
4186,20
4187,21
4188,45
4189,68
4190,97
4191,72
4192,49
4193,69
4194,17
4195,72
4196,90
4197,55
4198,4
4199,72
4200,37
4201,13
4202,95
4203,14
4204,59
4205,24
4206,22
4207,71
4208,94
4209,60
4210,90
4211,15
4212,60
4213,52
4214,20
4215,4
4216,54
4217,53
4218,3
4219,29
4220,72
4221,53
4222,27
4223,58
4224,47
4225,19
4226,5
4227,2
4228,71
4229,51
4230,54
4231,17
4232,82
4233,54
4234,15
4235,69
4236,65
4237,24
4238,34
4239,8
4240,9
4241,77
4242,75
4243,66
4244,30
4245,94
4246,27
4247,46
4248,66
4249,18
4250,37
4251,8
4252,28
4253,84
4254,2
4255,34
4256,81
4257,2
4258,86
4259,20
4260,17
4261,27
4262,30
4263,29
4264,34
4265,44
4266,43
4267,55
4268,14
4269,57
4270,87
4271,44
4272,24
4273,44
4274,72
4275,38
4276,19
4277,14
4278,44
4279,8
4280,79
4281,5
4282,67
4283,29
4284,80
4285,97
4286,29
4287,16
4288,29
4289,0
4290,46
4291,12
4292,91
4293,91
4294,44
4295,6
4296,81
4297,61
4298,50
4299,85
4300,69
4301,50
4302,86
4303,43
4304,44
4305,3
4306,87
4307,13
4308,50
4309,56
4310,60
4311,30
4312,10
4313,34
4314,84
4315,1
4316,13
4317,35
4318,80
4319,67
4320,97
4321,13
4322,81
4323,3
4324,2
4325,9
4326,55
4327,12
4328,50
4329,48
4330,96
4331,67
4332,9
4333,43
4334,9
4335,81
4336,70
4337,46
4338,14
4339,20
4340,0
4341,15
4342,75
4343,68
4344,91
4345,46
4346,53
4347,19
4348,5
4349,50
4350,29
4351,72
4352,89
4353,80
4354,80
4355,28
4356,10
4357,94
4358,49
4359,11
4360,57
4361,16
4362,56
4363,65
4364,85
4365,50
4366,90
4367,10
4368,9
4369,10
4370,59
4371,73
4372,15
4373,92
4374,6
4375,55
4376,82
4377,62
4378,64
4379,12
4380,56
4381,49
4382,94
4383,78
4384,25
4385,98
4386,19
4387,58
4388,44
4389,80
4390,64
4391,1
4392,24
4393,46
4394,80
4395,78
4396,54
4397,74
4398,96
4399,98
4400,7
4401,3
4402,27
4403,83
4404,89
4405,14
4406,90
4407,7
4408,96
4409,5
4410,38
4411,53
4412,75
4413,55
4414,72
4415,31
4416,69
4417,80
4418,24
4419,19
4420,2
4421,68
4422,7
4423,75
4424,75
4425,41
4426,41
4427,44
4428,14
4429,66
4430,38
4431,18
4432,43
4433,0
4434,45
4435,15
4436,7
4437,76
4438,57
4439,83
4440,79
4441,34
4442,66
4443,86
4444,20
4445,50
4446,72
4447,14
4448,9
4449,88
4450,98
4451,4
4452,44
4453,1
4454,80
4455,18
4456,87
4457,18
4458,65
4459,26
4460,52
4461,7
4462,83
4463,58
4464,81
4465,56
4466,94
4467,40
4468,13
4469,55
4470,64
4471,26
4472,7
4473,3
4474,19
4475,22
4476,41
4477,75
4478,75
4479,59
4480,25
4481,75
4482,6
4483,75
4484,35
4485,38
4486,27
4487,48
4488,18
4489,71
4490,24
4491,72
4492,60
4493,38
4494,12
4495,77
4496,43
4497,65
4498,85
4499,96
4500,9
4501,66
4502,53
4503,73
4504,25
4505,80
4506,58
4507,60
4508,12
4509,38
4510,3
4511,81
4512,21
4513,29
4514,44
4515,58
4516,26
4517,90
4518,81
4519,57
4520,10
4521,37
4522,86
4523,25
4524,69
4525,15
4526,11
4527,68
4528,40
4529,6
4530,47
4531,6
4532,3
4533,80
4534,53
4535,91
4536,81
4537,55
4538,16
4539,99
4540,90
4541,33
4542,52
4543,26
4544,46
4545,80
4546,78
4547,56
4548,38
4549,80
4550,65
4551,46
4552,54
4553,52
4554,75
4555,78
4556,60
4557,70
4558,16
4559,55
4560,46
4561,45
4562,61
4563,31
4564,24
4565,82
4566,30
4567,70
4568,5
4569,7
4570,9
4571,67
4572,53
4573,28
4574,35
4575,54
4576,65
4577,88
4578,41
4579,4
4580,95
4581,47
4582,52
4583,96
4584,68
4585,21
4586,41
4587,83
4588,58
4589,7
4590,18
4591,24
4592,95
4593,99
4594,26
4595,86
4596,99
4597,76
4598,68
4599,56
4600,14
4601,36
4602,97
4603,4
4604,14
4605,84
4606,63
4607,61
4608,25
4609,42
4610,89
4611,42
4612,50
4613,57
4614,44
4615,49
4616,7
4617,59
4618,97
4619,99
4620,33
4621,34
4622,6
4623,89
4624,18
4625,15
4626,4
4627,3
4628,75
4629,61
4630,90
4631,94
4632,29
4633,81
4634,21
4635,21
4636,66
4637,57
4638,89
4639,12
4640,0
4641,1
4642,56
4643,67
4644,80
4645,72
4646,45
4647,96
4648,31
4649,72
4650,5
4651,68
4652,72
4653,1
4654,2
4655,83
4656,93
4657,47
4658,90
4659,1
4660,59
4661,60
4662,55
4663,89
4664,79
4665,56
4666,57
4667,66
4668,20
4669,18
4670,68
4671,79
4672,45
4673,96
4674,38
4675,24
4676,35
4677,38
4678,81
4679,44
4680,81
4681,87
4682,68
4683,9
4684,83
4685,59
4686,7
4687,50
4688,83
4689,25
4690,46
4691,89
4692,85
4693,91
4694,37
4695,91
4696,3
4697,57
4698,20
4699,81
4700,80
4701,62
4702,55
4703,34
4704,89
4705,79
4706,34
4707,18
4708,55
4709,15
4710,6
4711,43
4712,27
4713,9
4714,66
4715,21
4716,1
4717,99
4718,73
4719,33
4720,74
4721,63
4722,20
4723,94
4724,48
4725,40
4726,96
4727,66
4728,9
4729,47
4730,52
4731,89
4732,79
4733,93
4734,9
4735,9
4736,43
4737,96
4738,15
4739,71
4740,90
4741,41
4742,14
4743,30
4744,76
4745,3
4746,82
4747,52
4748,18
4749,74
4750,46
4751,88
4752,43
4753,32
4754,19
4755,57
4756,5
4757,19
4758,3
4759,67
4760,83
4761,69
4762,77
4763,60
4764,23
4765,8
4766,67
4767,36
4768,96
4769,9
4770,95
4771,22
4772,24
4773,9
4774,56
4775,14
4776,30
4777,23
4778,63
4779,14
4780,10
4781,24
4782,23
4783,66
4784,86
4785,82
4786,50
4787,2
4788,13
4789,98
4790,26
4791,3
4792,0
4793,12
4794,76
4795,47
4796,24
4797,70
4798,86
4799,86
4800,39
4801,31
4802,37
4803,71
4804,9
4805,67
4806,87
4807,17
4808,90
4809,39
4810,35
4811,65
4812,88
4813,1
4814,61
4815,24
4816,69
4817,2
4818,5
4819,46
4820,50
4821,85
4822,76
4823,74
4824,4
4825,25
4826,30
4827,50
4828,7
4829,5
4830,16
4831,42
4832,79
4833,35
4834,11
4835,82
4836,46
4837,85
4838,85
4839,57
4840,44
4841,69
4842,44
4843,8
4844,33
4845,61
4846,2
4847,2
4848,9
4849,81
4850,45
4851,82
4852,90
4853,9
4854,77
4855,16
4856,38
4857,98
4858,23
4859,22
4860,75
4861,78
4862,40
4863,1
4864,85
4865,55
4866,68
4867,72
4868,91
4869,28
4870,58
4871,55
4872,91
4873,15
4874,59
4875,79
4876,2
4877,44
4878,50
4879,17
4880,9
4881,58
4882,38
4883,89
4884,85
4885,20
4886,45
4887,81
4888,9
4889,19
4890,16
4891,9
4892,8
4893,90
4894,80
4895,44
4896,0
4897,69
4898,78
4899,61
4900,88
4901,55
4902,87
4903,41
4904,17
4905,89
4906,6
4907,3
4908,8
4909,86
4910,94
4911,3
4912,89
4913,56
4914,66
4915,55
4916,68
4917,11
4918,20
4919,72
4920,23
4921,72
4922,16
4923,0
4924,86
4925,59
4926,78
4927,48
4928,40
4929,55
4930,90
4931,52
4932,54
4933,94
4934,87
4935,74
4936,7
4937,84
4938,73
4939,28
4940,67
4941,7
4942,86
4943,80
4944,41
4945,23
4946,14
4947,94
4948,57
4949,97
4950,81
4951,44
4952,78
4953,22
4954,32
4955,35
4956,9
4957,59
4958,90
4959,40
4960,48
4961,45
4962,11
4963,83
4964,93
4965,0
4966,45
4967,49
4968,56
4969,52
4970,41
4971,66
4972,80
4973,90
4974,24
4975,47
4976,3
4977,62
4978,92
4979,85
4980,8
4981,81
4982,51
4983,91
4984,80
4985,79
4986,86
4987,18
4988,61
4989,92
4990,54
4991,34
4992,42
4993,33
4994,20
4995,40
4996,98
4997,72
4998,13
4999,39
5000,56
5001,53
5002,82
5003,48
5004,76
5005,82
5006,23
5007,48
5008,58
5009,58
5010,28
5011,17
5012,74
5013,6
5014,68
5015,81
5016,80
5017,35
5018,68
5019,47
5020,12
5021,1
5022,53
5023,23
5024,93
5025,90
5026,35
5027,43
5028,61
5029,15
5030,9
5031,79
5032,99
5033,44
5034,55
5035,5
5036,76
5037,41
5038,26
5039,71
5040,72
5041,17
5042,76
5043,21
5044,88
5045,49
5046,98
5047,14
5048,86
5049,85
5050,63
5051,55
5052,33
5053,49
5054,15
5055,63
5056,44
5057,24
5058,64
5059,94
5060,66
5061,11
5062,76
5063,48
5064,81
5065,7
5066,94
5067,19
5068,79
5069,18
5070,32
5071,79
5072,4
5073,39
5074,99
5075,27
5076,21
5077,4
5078,64
5079,3
5080,50
5081,59
5082,94
5083,61
5084,34
5085,14
5086,80
5087,61
5088,5
5089,80
5090,21
5091,90
5092,98
5093,69
5094,47
5095,18
5096,20
5097,91
5098,68
5099,50
5100,76
5101,61
5102,18
5103,43
5104,49
5105,95
5106,27
5107,32
5108,57
5109,29
5110,58
5111,18
5112,48
5113,19
5114,41
5115,17
5116,16
5117,32
5118,78
5119,85
5120,86
5121,12
5122,59
5123,14
5124,81
5125,75
5126,11
5127,84
5128,4
5129,89
5130,68
5131,98
5132,31
5133,91
5134,23
5135,28
5136,68
5137,34
5138,78
5139,22
5140,25
5141,83
5142,80
5143,4
5144,91
5145,47
5146,20
5147,40
5148,82
5149,13
5150,74
5151,28
5152,26
5153,12
5154,14
5155,82
5156,3
5157,30
5158,47
5159,38
5160,57
5161,54
5162,48
5163,81
5164,85
5165,3
5166,41
5167,21
5168,79
5169,12
5170,0
5171,8
5172,28
5173,44
5174,35
5175,89
5176,81
5177,57
5178,63
5179,16
5180,34
5181,82
5182,1
5183,2
5184,13
5185,42
5186,68
5187,69
5188,12
5189,89
5190,50
5191,24
5192,49
5193,12
5194,71
5195,16
5196,60
5197,98
5198,50
5199,88
5200,99
5201,81
5202,20
5203,46
5204,18
5205,12
5206,18
5207,75
5208,58
5209,18
5210,97
5211,83
5212,60
5213,95
5214,57
5215,94
5216,48
5217,75
5218,89
5219,51
5220,30
5221,93
5222,89
5223,52
5224,52
5225,12
5226,36
5227,87
5228,99
5229,86
5230,5
5231,42
5232,71
5233,64
5234,99
5235,55
5236,22
5237,96
5238,96
5239,5
5240,60
5241,71
5242,38
5243,74
5244,31
5245,56
5246,24
5247,55
5248,76
5249,15
5250,39
5251,16
5252,3
5253,9
5254,97
5255,90
5256,55
5257,25
5258,5
5259,15
5260,82
5261,3
5262,67
5263,52
5264,71
5265,47
5266,47
5267,60
5268,95
5269,16
5270,61
5271,36
5272,90
5273,85
5274,7
5275,30
5276,26
5277,34
5278,13
5279,6
5280,49
5281,33
5282,83
5283,73
5284,18
5285,77
5286,85
5287,89
5288,79
5289,93
5290,80
5291,66
5292,83
5293,19
5294,9
5295,38
5296,44
5297,83
5298,84
5299,64
5300,14
5301,71
5302,6
5303,96
5304,8
5305,67
5306,0
5307,50
5308,28
5309,57
5310,66
5311,48
5312,4
5313,60
5314,89
5315,16
5316,42
5317,89
5318,79
5319,22
5320,75
5321,37
5322,55
5323,60
5324,9
5325,27
5326,7
5327,8
5328,15
5329,88
5330,18
5331,35
5332,83
5333,9
5334,50
5335,95
5336,64
5337,96
5338,87
5339,44
5340,45
5341,79
5342,48
5343,84
5344,59
5345,11
5346,61
5347,72
5348,80
5349,39
5350,48
5351,14
5352,36
5353,44
5354,63
5355,76
5356,80
5357,61
5358,56
5359,64
5360,65
5361,4
5362,8
5363,15
5364,3
5365,61
5366,77
5367,85
5368,95
5369,9
5370,0
5371,38
5372,45
5373,75
5374,64
5375,51
5376,36
5377,2
5378,18
5379,76
5380,95
5381,19
5382,9
5383,63
5384,60
5385,75
5386,51
5387,94
5388,93
5389,7
5390,62
5391,24
5392,28
5393,26
5394,61
5395,29
5396,64
5397,95
5398,63
5399,42
5400,89
5401,54
5402,18
5403,86
5404,83
5405,78
5406,83
5407,50
5408,38
5409,44
5410,52
5411,28
5412,5
5413,28
5414,32
5415,20
5416,7
5417,12
5418,55
5419,80
5420,73
5421,14
5422,9
5423,12
5424,78
5425,97
5426,86
5427,14
5428,94
5429,85
5430,48
5431,16
5432,85
5433,50
5434,96
5435,51
5436,62
5437,58
5438,6
5439,60
5440,9
5441,55
5442,49
5443,9
5444,57
5445,89
5446,3
5447,67
5448,56
5449,97
5450,92
5451,73
5452,64
5453,43
5454,86
5455,19
5456,24
5457,20
5458,50
5459,60
5460,48
5461,87
5462,12
5463,16
5464,69
5465,81
5466,3
5467,27
5468,71
5469,48
5470,52
5471,50
5472,42
5473,20
5474,9
5475,14
5476,62
5477,94
5478,38
5479,28
5480,74
5481,77
5482,28
5483,55
5484,51
5485,83
5486,48
5487,79
5488,67
5489,19
5490,13
5491,18
5492,10
5493,88
5494,19
5495,41
5496,0
5497,51
5498,72
5499,18
5500,3
5501,57
5502,21
5503,65
5504,3
5505,66
5506,18
5507,14
5508,77
5509,81
5510,66
5511,32
5512,11
5513,64
5514,54
5515,18
5516,15
5517,84
5518,7
5519,15
5520,92
5521,45
5522,28
5523,55
5524,36
5525,31
5526,9
5527,16
5528,56
5529,6
5530,19
5531,87
5532,40
5533,81
5534,27
5535,98
5536,2
5537,68
5538,47
5539,18
5540,64
5541,75
5542,90
5543,65
5544,81
5545,9
5546,93
5547,76
5548,95
5549,5
5550,89
5551,69
5552,57
5553,60
5554,95
5555,16
5556,7
5557,52
5558,6
5559,7
5560,93
5561,60
5562,67
5563,59
5564,35
5565,94
5566,84
5567,23
5568,58
5569,9
5570,65
5571,85
5572,48
5573,82
5574,21
5575,65
5576,69
5577,39
5578,41
5579,29
5580,5
5581,17
5582,89
5583,91
5584,54
5585,67
5586,94
5587,94
5588,75
5589,18
5590,1
5591,93
5592,62
5593,41
5594,57
5595,21
5596,85
5597,38
5598,7
5599,40
5600,7
5601,26
5602,98
5603,20
5604,7
5605,74
5606,63
5607,57
5608,59
5609,37
5610,33
5611,76
5612,48
5613,63
5614,84
5615,31
5616,54
5617,28
5618,3
5619,77
5620,96
5621,3
5622,54
5623,2
5624,93
5625,61
5626,98
5627,19
5628,7
5629,29
5630,68
5631,89
5632,81
5633,39
5634,58
5635,37
5636,98
5637,81
5638,37
5639,79
5640,72
5641,23
5642,3
5643,94
5644,22
5645,47
5646,36
5647,5
5648,39
5649,16
5650,48
5651,96
5652,23
5653,24
5654,58
5655,98
5656,69
5657,60
5658,62
5659,33
5660,68
5661,52
5662,6
5663,72
5664,15
5665,77
5666,94
5667,44
5668,92
5669,59
5670,95
5671,18
5672,72
5673,95
5674,20
5675,0
5676,99
5677,24
5678,56
5679,83
5680,83
5681,3
5682,81
5683,20
5684,54
5685,11
5686,9
5687,86
5688,97
5689,78
5690,8
5691,41
5692,1
5693,59
5694,77
5695,49
5696,89
5697,36
5698,42
5699,20
5700,55
5701,25
5702,87
5703,71
5704,36
5705,5
5706,27
5707,50
5708,54
5709,79
5710,38
5711,6
5712,31
5713,18
5714,11
5715,58
5716,10
5717,21
5718,72
5719,4
5720,79
5721,90
5722,56
5723,59
5724,99
5725,70
5726,34
5727,57
5728,17
5729,30
5730,66
5731,0
5732,85
5733,96
5734,12
5735,67
5736,81
5737,66
5738,58
5739,3
5740,25
5741,9
5742,82
5743,68
5744,50
5745,46
5746,50
5747,72
5748,81
5749,17
5750,95
5751,72
5752,50
5753,1
5754,18
5755,67
5756,58
5757,13
5758,96
5759,7
5760,16
5761,32
5762,57
5763,90
5764,78
5765,56
5766,40
5767,63
5768,22
5769,80
5770,14
5771,72
5772,76
5773,73
5774,24
5775,7
5776,5
5777,30
5778,12
5779,43
5780,91
5781,38
5782,50
5783,65
5784,62
5785,80
5786,77
5787,66
5788,27
5789,70
5790,49
5791,30
5792,24
5793,73
5794,19
5795,55
5796,59
5797,8
5798,14
5799,20
5800,18
5801,80
5802,38
5803,30
5804,73
5805,93
5806,41
5807,0
5808,97
5809,54
5810,9
5811,16
5812,9
5813,13
5814,39
5815,49
5816,69
5817,81
5818,66
5819,27
5820,51
5821,36
5822,59
5823,54
5824,18
5825,94
5826,84
5827,56
5828,37
5829,65
5830,27
5831,19
5832,38
5833,43
5834,75
5835,91
5836,16
5837,56
5838,4
5839,41
5840,62
5841,7
5842,98
5843,38
5844,26
5845,86
5846,59
5847,32
5848,1
5849,28
5850,96
5851,93
5852,55
5853,81
5854,47
5855,8
5856,73
5857,17
5858,82
5859,18
5860,91
5861,53
5862,35
5863,57
5864,60
5865,16
5866,54
5867,7
5868,52
5869,45
5870,50
5871,22
5872,74
5873,74
5874,80
5875,71
5876,85
5877,14
5878,31
5879,28
5880,17
5881,45
5882,28
5883,93
5884,16
5885,0
5886,37
5887,26
5888,71
5889,38
5890,50
5891,99
5892,45
5893,58
5894,16
5895,2
5896,92
5897,21
5898,94
5899,41
5900,57
5901,7
5902,44
5903,98
5904,6
5905,42
5906,26
5907,95
5908,19
5909,73
5910,92
5911,97
5912,64
5913,0
5914,57
5915,38
5916,2
5917,57
5918,69
5919,47
5920,13
5921,2
5922,73
5923,98
5924,55
5925,52
5926,20
5927,76
5928,65
5929,79
5930,99
5931,62
5932,81
5933,68
5934,44
5935,73
5936,87
5937,81
5938,38
5939,9
5940,12
5941,60
5942,8
5943,82
5944,77
5945,15
5946,3
5947,50
5948,93
5949,78
5950,32
5951,23
5952,71
5953,68
5954,55
5955,66
5956,14
5957,5
5958,18
5959,22
5960,19
5961,67
5962,93
5963,25
5964,50
5965,60
5966,85
5967,92
5968,73
5969,90
5970,44
5971,35
5972,55
5973,18
5974,85
5975,70
5976,16
5977,90
5978,22
5979,50
5980,35
5981,55
5982,4
5983,20
5984,55
5985,90
5986,95
5987,9
5988,20
5989,95
5990,24
5991,61
5992,50
5993,9
5994,48
5995,20
5996,89
5997,49
5998,92
5999,74
6000,3
6001,18
6002,35
6003,23
6004,47
6005,59
6006,30
6007,88
6008,80
6009,86
6010,30
6011,17
6012,81
6013,16
6014,62
6015,13
6016,95
6017,12
6018,9
6019,55
6020,9
6021,98
6022,48
6023,98
6024,34
6025,9
6026,88
6027,21
6028,36
6029,55
6030,82
6031,9
6032,47
6033,10
6034,9
6035,83
6036,93
6037,3
6038,54
6039,88
6040,81
6041,21
6042,39
6043,70
6044,15
6045,36
6046,94
6047,70
6048,47
6049,70
6050,92
6051,9
6052,42
6053,25
6054,45
6055,74
6056,99
6057,16
6058,21
6059,28
6060,98
6061,29
6062,81
6063,89
6064,14
6065,57
6066,37
6067,29
6068,4
6069,10
6070,81
6071,40
6072,49
6073,29
6074,87
6075,58
6076,65
6077,7
6078,92
6079,61
6080,97
6081,12
6082,25
6083,17
6084,29
6085,29
6086,88
6087,29
6088,80
6089,9
6090,72
6091,38
6092,50
6093,28
6094,43
6095,9
6096,50
6097,99
6098,25
6099,0
6100,93
6101,90
6102,62
6103,34
6104,31
6105,88
6106,56
6107,23
6108,68
6109,26
6110,16
6111,72
6112,39
6113,78
6114,96
6115,32
6116,13
6117,39
6118,63
6119,15
6120,8
6121,93
6122,18
6123,27
6124,43
6125,96
6126,2
6127,6
6128,44
6129,22
6130,15
6131,39
6132,97
6133,6
6134,39
6135,36
6136,74
6137,52
6138,25
6139,10
6140,21
6141,20
6142,59
6143,36
6144,48
6145,39
6146,55
6147,74
6148,5
6149,12
6150,95
6151,43
6152,51
6153,79
6154,26
6155,14
6156,50
6157,98
6158,32
6159,5
6160,38
6161,94
6162,34
6163,34
6164,56
6165,22
6166,16
6167,62
6168,57
6169,20
6170,67
6171,50
6172,90
6173,28
6174,47
6175,34
6176,87
6177,50
6178,66
6179,49
6180,78
6181,68
6182,86
6183,59
6184,28
6185,95
6186,6
6187,76
6188,23
6189,72
6190,80
6191,87
6192,29
6193,20
6194,18
6195,51
6196,32
6197,57
6198,22
6199,53
6200,81
6201,93
6202,93
6203,75
6204,23
6205,95
6206,40
6207,68
6208,49
6209,64
6210,66
6211,81
6212,83
6213,68
6214,9
6215,51
6216,9
6217,9
6218,39
6219,10
6220,56
6221,77
6222,62
6223,9
6224,16
6225,11
6226,8
6227,61
6228,66
6229,66
6230,11
6231,9
6232,56
6233,20
6234,95
6235,68
6236,47
6237,94
6238,22
6239,9
6240,23
6241,11
6242,55
6243,44
6244,83
6245,20
6246,76
6247,2
6248,73
6249,96
6250,60
6251,28
6252,10
6253,0
6254,10
6255,79
6256,98
6257,29
6258,24
6259,71
6260,96
6261,60
6262,12
6263,57
6264,52
6265,87
6266,85
6267,22
6268,16
6269,22
6270,9
6271,56
6272,93
6273,6
6274,29
6275,60
6276,44
6277,7
6278,88
6279,48
6280,32
6281,25
6282,18
6283,71
6284,50
6285,55
6286,80
6287,73
6288,27
6289,9
6290,69
6291,46
6292,78
6293,42
6294,90
6295,52
6296,1
6297,39
6298,45
6299,86
6300,55
6301,57
6302,36
6303,13
6304,72
6305,30
6306,74
6307,4
6308,33
6309,6
6310,31
6311,72
6312,54
6313,9
6314,44
6315,71
6316,12
6317,98
6318,55
6319,96
6320,74
6321,50
6322,37
6323,40
6324,97
6325,72
6326,80
6327,10
6328,75
6329,83
6330,75
6331,66
6332,52
6333,52
6334,94
6335,66
6336,7
6337,69
6338,41
6339,13
6340,45
6341,5
6342,61
6343,41
6344,44
6345,71
6346,38
6347,9
6348,50
6349,95
6350,2
6351,54
6352,68
6353,21
6354,56
6355,72
6356,77
6357,98
6358,73
6359,47
6360,48
6361,24
6362,59
6363,19
6364,20
6365,27
6366,83
6367,47
6368,41
6369,63
6370,39
6371,65
6372,44
6373,95
6374,9
6375,79
6376,17
6377,27
6378,81
6379,89
6380,45
6381,60
6382,48
6383,75
6384,2
6385,30
6386,98
6387,3
6388,82
6389,95
6390,94
6391,50
6392,49
6393,75
6394,79
6395,32
6396,75
6397,18
6398,89
6399,50
6400,83
6401,42
6402,67
6403,81
6404,67
6405,52
6406,17
6407,76
6408,5
6409,83
6410,9
6411,13
6412,37
6413,94
6414,92
6415,0
6416,48
6417,21
6418,97
6419,99
6420,9
6421,3
6422,19
6423,3
6424,74
6425,68
6426,52
6427,38
6428,50
6429,14
6430,81
6431,12
6432,27
6433,38
6434,7
6435,95
6436,21
6437,85
6438,45
6439,64
6440,9
6441,66
6442,44
6443,59
6444,33
6445,79
6446,4
6447,98
6448,6
6449,48
6450,78
6451,20
6452,58
6453,7
6454,9
6455,44
6456,80
6457,16
6458,91
6459,45
6460,12
6461,99
6462,56
6463,88
6464,41
6465,11
6466,57
6467,18
6468,18
6469,34
6470,32
6471,30
6472,69
6473,55
6474,85
6475,15
6476,62
6477,84
6478,71
6479,47
6480,59
6481,88
6482,22
6483,86
6484,19
6485,72
6486,66
6487,56
6488,99
6489,30
6490,22
6491,20
6492,22
6493,5
6494,27
6495,29
6496,72
6497,91
6498,64
6499,36
6500,22
6501,60
6502,26
6503,84
6504,47
6505,1
6506,85
6507,9
6508,22
6509,29
6510,81
6511,40
6512,94
6513,20
6514,25
6515,50
6516,53
6517,12
6518,27
6519,1
6520,16
6521,88
6522,9
6523,77
6524,45
6525,24
6526,55
6527,27
6528,38
6529,12
6530,2
6531,87
6532,57
6533,50
6534,46
6535,44
6536,57
6537,44
6538,31
6539,80
6540,27
6541,7
6542,27
6543,81
6544,3
6545,29
6546,9
6547,48
6548,56
6549,18
6550,45
6551,62
6552,14
6553,8
6554,18
6555,65
6556,81
6557,68
6558,75
6559,10
6560,77
6561,66
6562,18
6563,60
6564,43
6565,44
6566,77
6567,31
6568,87
6569,49
6570,40
6571,24
6572,68
6573,55
6574,58
6575,51
6576,18
6577,88
6578,80
6579,78
6580,3
6581,14
6582,25
6583,2
6584,86
6585,2
6586,90
6587,70
6588,90
6589,95
6590,99
6591,5
6592,79
6593,71
6594,20
6595,59
6596,67
6597,28
6598,76
6599,31
6600,65
6601,82
6602,9
6603,55
6604,54
6605,38
6606,35
6607,52
6608,12
6609,4
6610,49
6611,2
6612,52
6613,73
6614,87
6615,62
6616,15
6617,11
6618,56
6619,20
6620,96
6621,96
6622,29
6623,65
6624,35
6625,77
6626,38
6627,24
6628,57
6629,17
6630,80
6631,80
6632,74
6633,41
6634,32
6635,71
6636,76
6637,72
6638,73
6639,21
6640,94
6641,1
6642,55
6643,96
6644,18
6645,55
6646,29
6647,82
6648,50
6649,80
6650,49
6651,98
6652,97
6653,41
6654,43
6655,20
6656,86
6657,22
6658,32
6659,18
6660,53
6661,60
6662,80
6663,57
6664,7
6665,32
6666,66
6667,78
6668,80
6669,98
6670,69
6671,69
6672,98
6673,22
6674,49
6675,21
6676,93
6677,1
6678,7
6679,34
6680,55
6681,38
6682,90
6683,92
6684,76
6685,96
6686,31
6687,82
6688,75
6689,61
6690,4
6691,90
6692,78
6693,36
6694,9
6695,20
6696,12
6697,70
6698,2
6699,14
6700,26
6701,69
6702,72
6703,90
6704,97
6705,29
6706,5
6707,95
6708,47
6709,2
6710,22
6711,45
6712,16
6713,8
6714,94
6715,44
6716,98
6717,60
6718,21
6719,28
6720,7
6721,79
6722,67
6723,75
6724,11
6725,37
6726,74
6727,95
6728,63
6729,51
6730,48
6731,66
6732,6
6733,88
6734,5
6735,1
6736,12
6737,14
6738,83
6739,23
6740,22
6741,47
6742,87
6743,58
6744,9
6745,78
6746,38
6747,69
6748,24
6749,76
6750,57
6751,74
6752,9
6753,44
6754,54
6755,92
6756,30
6757,64
6758,11
6759,95
6760,39
6761,98
6762,37
6763,75
6764,81
6765,74
6766,64
6767,42
6768,52
6769,89
6770,67
6771,21
6772,10
6773,52
6774,65
6775,9
6776,69
6777,16
6778,15
6779,77
6780,34
6781,23
6782,41
6783,94
6784,26
6785,17
6786,1
6787,54
6788,9
6789,80
6790,37
6791,13
6792,14
6793,69
6794,80
6795,22
6796,75
6797,6
6798,72
6799,48
6800,24
6801,84
6802,4
6803,57
6804,93
6805,2
6806,0
6807,89
6808,7
6809,94
6810,33
6811,66
6812,17
6813,89
6814,41
6815,77
6816,80
6817,55
6818,26
6819,98
6820,52
6821,62
6822,29
6823,94
6824,13
6825,83
6826,40
6827,0
6828,14
6829,96
6830,4
6831,78
6832,80
6833,54
6834,72
6835,47
6836,59
6837,19
6838,73
6839,62
6840,25
6841,86
6842,18
6843,38
6844,26
6845,82
6846,52
6847,54
6848,8
6849,19
6850,30
6851,50
6852,87
6853,19
6854,31
6855,93
6856,38
6857,57
6858,81
6859,10
6860,5
6861,12
6862,33
6863,84
6864,68
6865,86
6866,85
6867,69
6868,95
6869,43
6870,60
6871,87
6872,83
6873,12
6874,90
6875,2
6876,54
6877,45
6878,36
6879,64
6880,3
6881,68
6882,17
6883,9
6884,81
6885,38
6886,9
6887,99
6888,77
6889,18
6890,61
6891,73
6892,23
6893,10
6894,72
6895,80
6896,70
6897,77
6898,72
6899,9
6900,89
6901,91
6902,26
6903,85
6904,12
6905,9
6906,54
6907,81
6908,76
6909,45
6910,67
6911,51
6912,55
6913,29
6914,8
6915,18
6916,56
6917,38
6918,55
6919,26
6920,13
6921,91
6922,0
6923,80
6924,42
6925,77
6926,52
6927,54
6928,82
6929,12
6930,81
6931,53
6932,21
6933,33
6934,19
6935,36
6936,5
6937,35
6938,80
6939,62
6940,41
6941,65
6942,28
6943,20
6944,92
6945,96
6946,3
6947,41
6948,3
6949,25
6950,56
6951,3
6952,9
6953,71
6954,48
6955,25
6956,84
6957,60
6958,78
6959,41
6960,24
6961,12
6962,86
6963,76
6964,41
6965,19
6966,60
6967,97
6968,44
6969,50
6970,44
6971,79
6972,9
6973,59
6974,59
6975,53
6976,32
6977,7
6978,41
6979,18
6980,46
6981,86
6982,30
6983,52
6984,79
6985,55
6986,46
6987,85
6988,65
6989,75
6990,74
6991,80
6992,90
6993,83
6994,3
6995,61
6996,15
6997,66
6998,39
6999,44
7000,35
7001,91
7002,72
7003,7
7004,50
7005,96
7006,89
7007,83
7008,93
7009,99
7010,21
7011,75
7012,9
7013,25
7014,87
7015,59
7016,64
7017,82
7018,55
7019,6
7020,45
7021,44
7022,26
7023,78
7024,98
7025,70
7026,37
7027,41
7028,97
7029,69
7030,69
7031,59
7032,50
7033,86
7034,8
7035,79
7036,66
7037,4
7038,29
7039,49
7040,45
7041,53
7042,69
7043,85
7044,46
7045,25
7046,5
7047,44
7048,71
7049,6
7050,87
7051,37
7052,86
7053,55
7054,28
7055,93
7056,62
7057,4
7058,41
7059,11
7060,63
7061,46
7062,36
7063,20
7064,57
7065,1
7066,99
7067,65
7068,38
7069,52
7070,81
7071,95
7072,23
7073,14
7074,57
7075,50
7076,77
7077,9
7078,66
7079,21
7080,12
7081,95
7082,29
7083,81
7084,50
7085,93
7086,89
7087,11
7088,63
7089,83
7090,9
7091,6
7092,34
7093,9
7094,55
7095,24
7096,39
7097,1
7098,68
7099,53
7100,71
7101,18
7102,84
7103,71
7104,77
7105,9
7106,63
7107,17
7108,31
7109,48
7110,8
7111,44
7112,99
7113,66
7114,16
7115,44
7116,12
7117,18
7118,56
7119,58
7120,70
7121,85
7122,62
7123,94
7124,41
7125,97
7126,5
7127,74
7128,15
7129,1
7130,2
7131,58
7132,56
7133,90
7134,9
7135,72
7136,86
7137,87
7138,85
7139,92
7140,7
7141,19
7142,50
7143,24
7144,96
7145,68
7146,55
7147,31
7148,30
7149,85
7150,65
7151,5
7152,80
7153,96
7154,76
7155,15
7156,77
7157,19
7158,59
7159,8
7160,48
7161,44
7162,67
7163,98
7164,18
7165,69
7166,14
7167,69
7168,3
7169,90
7170,65
7171,94
7172,86
7173,86
7174,94
7175,41
7176,56
7177,4
7178,96
7179,89
7180,60
7181,51
7182,41
7183,26
7184,22
7185,73
7186,96
7187,62
7188,85
7189,74
7190,57
7191,23
7192,20
7193,38
7194,15
7195,90
7196,77
7197,62
7198,12
7199,82
7200,15
7201,47
7202,95
7203,91
7204,28
7205,55
7206,84
7207,58
7208,65
7209,48
7210,47
7211,79
7212,71
7213,7
7214,60
7215,60
7216,38
7217,49
7218,62
7219,57
7220,19
7221,35
7222,90
7223,25
7224,16
7225,26
7226,75
7227,89
7228,65
7229,80
7230,55
7231,46
7232,1
7233,80
7234,37
7235,65
7236,11
7237,45
7238,14
7239,90
7240,80
7241,30
7242,8
7243,66
7244,28
7245,18
7246,33
7247,15
7248,34
7249,48
7250,55
7251,44
7252,53
7253,76
7254,95
7255,91
7256,4
7257,84
7258,82
7259,16
7260,11
7261,54
7262,8
7263,43
7264,67
7265,27
7266,8
7267,87
7268,53
7269,32
7270,55
7271,44
7272,93
7273,18
7274,89
7275,22
7276,28
7277,24
7278,75
7279,65
7280,86
7281,8
7282,48
7283,63
7284,51
7285,9
7286,13
7287,18
7288,85
7289,48
7290,98
7291,26
7292,93
7293,31
7294,55
7295,26
7296,64
7297,44
7298,19
7299,55
7300,18
7301,4
7302,55
7303,87
7304,4
7305,55
7306,18
7307,36
7308,97
7309,73
7310,98
7311,17
7312,7
7313,83
7314,4
7315,26
7316,71
7317,6
7318,67
7319,5
7320,58
7321,74
7322,99
7323,54
7324,99
7325,21
7326,65
7327,36
7328,82
7329,30
7330,71
7331,61
7332,23
7333,29
7334,38
7335,9
7336,50
7337,65
7338,19
7339,78
7340,24
7341,9
7342,68
7343,21
7344,5
7345,10
7346,35
7347,41
7348,55
7349,96
7350,57
7351,50
7352,31
7353,88
7354,92
7355,5
7356,51
7357,19
7358,87
7359,18
7360,9
7361,54
7362,10
7363,68
7364,77
7365,83
7366,5
7367,42
7368,2
7369,58
7370,95
7371,67
7372,7
7373,42
7374,44
7375,38
7376,13
7377,29
7378,8
7379,45
7380,41
7381,29
7382,55
7383,16
7384,52
7385,24
7386,50
7387,26
7388,37
7389,41
7390,86
7391,89
7392,10
7393,96
7394,75
7395,80
7396,23
7397,90
7398,76
7399,55
7400,65
7401,53
7402,23
7403,40
7404,88
7405,99
7406,9
7407,42
7408,74
7409,92
7410,87
7411,88
7412,29
7413,79
7414,52
7415,9
7416,7
7417,78
7418,57
7419,76
7420,99
7421,67
7422,81
7423,9
7424,62
7425,78
7426,97
7427,27
7428,10
7429,68
7430,40
7431,28
7432,7
7433,63
7434,38
7435,62
7436,28
7437,94
7438,52
7439,86
7440,21
7441,13
7442,70
7443,9
7444,24
7445,80
7446,68
7447,80
7448,44
7449,63
7450,56
7451,71
7452,12
7453,89
7454,50
7455,55
7456,20
7457,62
7458,24
7459,16
7460,26
7461,5
7462,96
7463,18
7464,49
7465,10
7466,93
7467,9
7468,75
7469,94
7470,29
7471,26
7472,29
7473,3
7474,12
7475,80
7476,63
7477,85
7478,33
7479,23
7480,77
7481,45
7482,61
7483,51
7484,12
7485,74
7486,56
7487,11
7488,60
7489,48
7490,21
7491,21
7492,60
7493,56
7494,63
7495,28
7496,96
7497,79
7498,17
7499,9
7500,16
7501,7
7502,25
7503,43
7504,14
7505,92
7506,7
7507,8
7508,13
7509,85
7510,47
7511,27
7512,81
7513,63
7514,59
7515,10
7516,78
7517,41
7518,53
7519,17
7520,55
7521,43
7522,61
7523,44
7524,5
7525,79
7526,68
7527,3
7528,12
7529,64
7530,83
7531,41
7532,71
7533,98
7534,47
7535,20
7536,25
7537,90
7538,52
7539,26
7540,83
7541,65
7542,20
7543,20
7544,7
7545,83
7546,71
7547,83
7548,68
7549,93
7550,84
7551,81
7552,60
7553,70
7554,69
7555,1
7556,83
7557,99
7558,26
7559,58
7560,88
7561,88
7562,8
7563,14
7564,65
7565,71
7566,34
7567,48
7568,1
7569,48
7570,13
7571,16
7572,78
7573,75
7574,55
7575,55
7576,32
7577,72
7578,98
7579,32
7580,83
7581,16
7582,38
7583,94
7584,8
7585,45
7586,83
7587,15
7588,6
7589,28
7590,89
7591,62
7592,22
7593,92
7594,26
7595,15
7596,28
7597,12
7598,54
7599,30
7600,95
7601,45
7602,59
7603,24
7604,94
7605,7
7606,94
7607,94
7608,15
7609,34
7610,65
7611,52
7612,9
7613,27
7614,55
7615,97
7616,82
7617,44
7618,75
7619,59
7620,50
7621,6
7622,99
7623,85
7624,30
7625,50
7626,22
7627,95
7628,81
7629,92
7630,74
7631,52
7632,79
7633,44
7634,62
7635,55
7636,9
7637,84
7638,53
7639,4
7640,48
7641,67
7642,82
7643,24
7644,92
7645,18
7646,87
7647,19
7648,48
7649,68
7650,3
7651,3
7652,16
7653,92
7654,9
7655,0
7656,86
7657,51
7658,58
7659,66
7660,89
7661,12
7662,21
7663,61
7664,41
7665,66
7666,52
7667,97
7668,68
7669,65
7670,35
7671,46
7672,99
7673,80
7674,35
7675,65
7676,88
7677,7
7678,75
7679,53
7680,3
7681,5
7682,98
7683,82
7684,7
7685,65
7686,36
7687,7
7688,73
7689,92
7690,5
7691,31
7692,72
7693,48
7694,94
7695,18
7696,72
7697,79
7698,39
7699,23
7700,38
7701,96
7702,63
7703,60
7704,64
7705,45
7706,79
7707,46
7708,74
7709,60
7710,72
7711,55
7712,50
7713,21
7714,26
7715,77
7716,36
7717,55
7718,41
7719,47
7720,54
7721,25
7722,81
7723,75
7724,55
7725,90
7726,41
7727,15
7728,53
7729,40
7730,57
7731,83
7732,45
7733,61
7734,59
7735,93
7736,5
7737,61
7738,85
7739,39
7740,7
7741,25
7742,35
7743,79
7744,70
7745,83
7746,23
7747,92
7748,87
7749,90
7750,38
7751,68
7752,97
7753,36
7754,82
7755,82
7756,34
7757,40
7758,7
7759,27
7760,97
7761,2
7762,9
7763,41
7764,77
7765,36
7766,12
7767,27
7768,8
7769,73
7770,9
7771,83
7772,96
7773,62
7774,90
7775,50
7776,82
7777,24
7778,38
7779,16
7780,87
7781,39
7782,7
7783,31
7784,10
7785,84
7786,96
7787,77
7788,45
7789,75
7790,57
7791,30
7792,20
7793,84
7794,5
7795,26
7796,53
7797,72
7798,72
7799,31
7800,4
7801,79
7802,25
7803,4
7804,9
7805,50
7806,48
7807,30
7808,3
7809,97
7810,77
7811,72
7812,13
7813,18
7814,14
7815,55
7816,13
7817,44
7818,29
7819,18
7820,91
7821,61
7822,7
7823,12
7824,71
7825,54
7826,98
7827,52
7828,94
7829,29
7830,18
7831,56
7832,57
7833,34
7834,60
7835,41
7836,30
7837,47
7838,26
7839,6
7840,42
7841,80
7842,70
7843,83
7844,60
7845,76
7846,54
7847,18
7848,14
7849,26
7850,9
7851,90
7852,85
7853,32
7854,63
7855,43
7856,39
7857,87
7858,12
7859,26
7860,67
7861,92
7862,84
7863,90
7864,65
7865,80
7866,41
7867,17
7868,65
7869,53
7870,44
7871,48
7872,5
7873,38
7874,5
7875,3
7876,46
7877,3
7878,9
7879,1
7880,16
7881,27
7882,37
7883,22
7884,89
7885,20
7886,69
7887,9
7888,74
7889,37
7890,24
7891,55
7892,23
7893,76
7894,44
7895,2
7896,52
7897,34
7898,27
7899,40
7900,13
7901,84
7902,7
7903,73
7904,72
7905,35
7906,48
7907,83
7908,44
7909,0
7910,23
7911,14
7912,4
7913,86
7914,75
7915,45
7916,6
7917,22
7918,96
7919,76
7920,52
7921,81
7922,90
7923,22
7924,34
7925,63
7926,75
7927,7
7928,95
7929,98
7930,1
7931,23
7932,36
7933,22
7934,5
7935,29
7936,11
7937,27
7938,99
7939,18
7940,92
7941,53
7942,14
7943,4
7944,14
7945,20
7946,9
7947,8
7948,96
7949,8
7950,42
7951,62
7952,38
7953,30
7954,72
7955,32
7956,33
7957,76
7958,64
7959,10
7960,45
7961,9
7962,41
7963,30
7964,18
7965,84
7966,26
7967,5
7968,83
7969,18
7970,23
7971,29
7972,85
7973,34
7974,96
7975,16
7976,86
7977,40
7978,95
7979,6
7980,22
7981,0
7982,9
7983,46
7984,38
7985,86
7986,6
7987,29
7988,85
7989,82
7990,44
7991,82
7992,17
7993,38
7994,85
7995,12
7996,26
7997,11
7998,28
7999,58
8000,18
8001,14
8002,64
8003,7
8004,57
8005,75
8006,81
8007,9
8008,32
8009,65
8010,1
8011,9
8012,35
8013,62
8014,31
8015,26
8016,11
8017,93
8018,56
8019,57
8020,54
8021,61
8022,7
8023,1
8024,17
8025,53
8026,89
8027,18
8028,81
8029,6
8030,96
8031,41
8032,75
8033,26
8034,25
8035,60
8036,16
8037,72
8038,55
8039,47
8040,24
8041,41
8042,74
8043,17
8044,7
8045,0
8046,16
8047,29
8048,95
8049,26
8050,56
8051,18
8052,12
8053,54
8054,38
8055,79
8056,8
8057,43
8058,65
8059,35
8060,40
8061,53
8062,2
8063,80
8064,65
8065,8
8066,57
8067,33
8068,44
8069,85
8070,6
8071,94
8072,9
8073,64
8074,22
8075,16
8076,43
8077,57
8078,11
8079,38
8080,88
8081,95
8082,58
8083,45
8084,36
8085,89
8086,91
8087,84
8088,9
8089,12
8090,9
8091,80
8092,12
8093,70
8094,59
8095,41
8096,2
8097,59
8098,28
8099,70
8100,34
8101,97
8102,39
8103,49
8104,18
8105,55
8106,70
8107,85
8108,38
8109,34
8110,28
8111,9
8112,37
8113,44
8114,24
8115,80
8116,78
8117,32
8118,33
8119,98
8120,1
8121,84
8122,78
8123,86
8124,55
8125,91
8126,58
8127,90
8128,68
8129,60
8130,63
8131,62
8132,34
8133,14
8134,93
8135,92
8136,79
8137,49
8138,98
8139,16
8140,3
8141,89
8142,27
8143,80
8144,40
8145,98
8146,72
8147,12
8148,41
8149,3
8150,2
8151,93
8152,84
8153,8
8154,44
8155,12
8156,93
8157,57
8158,40
8159,32
8160,67
8161,44
8162,66
8163,60
8164,45
8165,58
8166,82
8167,44
8168,9
8169,41
8170,28
8171,63
8172,12
8173,9
8174,60
8175,76
8176,91
8177,93
8178,83
8179,80
8180,62
8181,38
8182,91
8183,48
8184,27
8185,44
8186,18
8187,43
8188,53
8189,7
8190,28
8191,8
8192,20
8193,44
8194,96
8195,61
8196,60
8197,67
8198,10
8199,93
8200,96
8201,43
8202,49
8203,92
8204,92
8205,89
8206,55
8207,94
8208,18
8209,20
8210,21
8211,57
8212,12
8213,26
8214,18
8215,76
8216,55
8217,95
8218,81
8219,85
8220,73
8221,60
8222,21
8223,82
8224,19
8225,98
8226,23
8227,7
8228,90
8229,75
8230,55
8231,19
8232,48
8233,39
8234,99
8235,42
8236,94
8237,24
8238,91
8239,36
8240,77
8241,55
8242,55
8243,92
8244,94
8245,61
8246,85
8247,38
8248,9
8249,1
8250,57
8251,30
8252,84
8253,98
8254,29
8255,7
8256,18
8257,48
8258,81
8259,91
8260,84
8261,42
8262,92
8263,31
8264,46
8265,12
8266,95
8267,36
8268,78
8269,47
8270,18
8271,72
8272,20
8273,79
8274,28
8275,75
8276,53
8277,81
8278,22
8279,18
8280,79
8281,65
8282,16
8283,12
8284,81
8285,15
8286,20
8287,69
8288,30
8289,6
8290,68
8291,70
8292,20
8293,4
8294,44
8295,72
8296,72
8297,71
8298,65
8299,10
8300,48
8301,18
8302,0
8303,70
8304,38
8305,7
8306,24
8307,69
8308,86
8309,9
8310,42
8311,41
8312,23
8313,93
8314,0
8315,82
8316,26
8317,9
8318,80
8319,79
8320,72
8321,75
8322,74
8323,38
8324,42
8325,45
8326,29
8327,83
8328,36
8329,89
8330,4
8331,98
8332,69
8333,80
8334,96
8335,16
8336,71
8337,98
8338,66
8339,99
8340,20
8341,57
8342,21
8343,2
8344,1
8345,3
8346,47
8347,43
8348,83
8349,2
8350,68
8351,27
8352,77
8353,71
8354,96
8355,98
8356,82
8357,90
8358,2
8359,28
8360,52
8361,22
8362,31
8363,24
8364,4
8365,77
8366,38
8367,30
8368,28
8369,39
8370,7
8371,41
8372,18
8373,49
8374,45
8375,11
8376,38
8377,91
8378,82
8379,4
8380,68
8381,55
8382,56
8383,41
8384,32
8385,77
8386,9
8387,55
8388,49
8389,28
8390,56
8391,58
8392,73
8393,25
8394,41
8395,79
8396,24
8397,53
8398,47
8399,6
8400,30
8401,33
8402,8
8403,7
8404,41
8405,34
8406,39
8407,97
8408,47
8409,75
8410,9
8411,87
8412,49
8413,98
8414,16
8415,33
8416,76
8417,41
8418,63
8419,8
8420,66
8421,17
8422,74
8423,93
8424,93
8425,93
8426,41
8427,60
8428,73
8429,66
8430,21
8431,77
8432,90
8433,54
8434,87
8435,86
8436,37
8437,59
8438,14
8439,2
8440,73
8441,55
8442,83
8443,92
8444,26
8445,80
8446,28
8447,29
8448,67
8449,59
8450,76
8451,45
8452,92
8453,39
8454,39
8455,58
8456,32
8457,41
8458,18
8459,60
8460,48
8461,69
8462,9
8463,43
8464,84
8465,46
8466,71
8467,66
8468,66
8469,84
8470,82
8471,26
8472,39
8473,88
8474,29
8475,82
8476,7
8477,76
8478,56
8479,79
8480,61
8481,18
8482,68
8483,52
8484,9
8485,45
8486,16
8487,7
8488,85
8489,12
8490,99
8491,88
8492,40
8493,68
8494,36
8495,60
8496,90
8497,15
8498,20
8499,46
8500,66
8501,22
8502,83
8503,58
8504,29
8505,89
8506,75
8507,55
8508,54
8509,37
8510,28
8511,90
8512,72
8513,88
8514,18
8515,38
8516,30
8517,79
8518,9
8519,58
8520,61
8521,39
8522,56
8523,17
8524,33
8525,77
8526,50
8527,94
8528,4
8529,64
8530,9
8531,94
8532,18
8533,76
8534,60
8535,64
8536,77
8537,0
8538,75
8539,31
8540,65
8541,5
8542,75
8543,52
8544,79
8545,43
8546,18
8547,11
8548,18
8549,29
8550,1
8551,38
8552,53
8553,12
8554,5
8555,59
8556,32
8557,52
8558,28
8559,24
8560,86
8561,54
8562,54
8563,88
8564,10
8565,87
8566,54
8567,24
8568,40
8569,85
8570,12
8571,90
8572,22
8573,22
8574,77
8575,79
8576,94
8577,45
8578,0
8579,39
8580,58
8581,82
8582,41
8583,87
8584,91
8585,73
8586,72
8587,62
8588,31
8589,98
8590,67
8591,11
8592,28
8593,34
8594,55
8595,62
8596,81
8597,7
8598,15
8599,26
8600,76
8601,98
8602,25
8603,38
8604,43
8605,47
8606,47
8607,93
8608,73
8609,81
8610,26
8611,70
8612,95
8613,60
8614,70
8615,2
8616,82
8617,81
8618,34
8619,7
8620,36
8621,62
8622,14
8623,31
8624,43
8625,42
8626,47
8627,48
8628,79
8629,65
8630,20
8631,57
8632,66
8633,68
8634,55
8635,72
8636,9
8637,63
8638,9
8639,12
8640,18
8641,29
8642,65
8643,57
8644,41
8645,88
8646,55
8647,33
8648,15
8649,1
8650,50
8651,55
8652,1
8653,79
8654,12
8655,81
8656,0
8657,18
8658,65
8659,68
8660,30
8661,8
8662,3
8663,13
8664,79
8665,1
8666,26
8667,44
8668,10
8669,50
8670,5
8671,53
8672,34
8673,44
8674,67
8675,79
8676,98
8677,30
8678,90
8679,44
8680,46
8681,19
8682,69
8683,52
8684,99
8685,72
8686,85
8687,93
8688,1
8689,82
8690,45
8691,3
8692,18
8693,41
8694,31
8695,42
8696,23
8697,90
8698,7
8699,83
8700,31
8701,51
8702,42
8703,23
8704,64
8705,61
8706,9
8707,51
8708,99
8709,28
8710,34
8711,63
8712,6
8713,97
8714,78
8715,50
8716,71
8717,85
8718,24
8719,76
8720,28
8721,29
8722,67
8723,79
8724,9
8725,83
8726,53
8727,73
8728,7
8729,59
8730,82
8731,34
8732,15
8733,68
8734,68
8735,34
8736,82
8737,55
8738,37
8739,8
8740,28
8741,9
8742,24
8743,86
8744,85
8745,96
8746,53
8747,30
8748,50
8749,9
8750,72
8751,32
8752,96
8753,20
8754,29
8755,97
8756,69
8757,81
8758,26
8759,34
8760,23
8761,91
8762,72
8763,48
8764,71
8765,53
8766,9
8767,0
8768,56
8769,18
8770,69
8771,73
8772,72
8773,87
8774,50
8775,61
8776,86
8777,95
8778,88
8779,16
8780,12
8781,24
8782,1
8783,77
8784,93
8785,82
8786,9
8787,64
8788,44
8789,52
8790,79
8791,70
8792,21
8793,10
8794,59
8795,87
8796,60
8797,44
8798,76
8799,45
8800,15
8801,79
8802,46
8803,98
8804,94
8805,79
8806,65
8807,71
8808,26
8809,55
8810,60
8811,73
8812,9
8813,75
8814,5
8815,55
8816,80
8817,32
8818,29
8819,18
8820,42
8821,80
8822,9
8823,96
8824,6
8825,18
8826,85
8827,30
8828,80
8829,51
8830,79
8831,60
8832,99
8833,86
8834,15
8835,56
8836,27
8837,3
8838,62
8839,27
8840,6
8841,57
8842,43
8843,78
8844,72
8845,99
8846,95
8847,93
8848,63
8849,12
8850,63
8851,39
8852,64
8853,4
8854,3
8855,83
8856,55
8857,17
8858,9
8859,21
8860,32
8861,57
8862,99
8863,46
8864,29
8865,9
8866,82
8867,82
8868,94
8869,95
8870,81
8871,96
8872,93
8873,33
8874,67
8875,19
8876,60
8877,6
8878,26
8879,62
8880,62
8881,82
8882,26
8883,68
8884,31
8885,47
8886,75
8887,4
8888,29
8889,94
8890,27
8891,14
8892,67
8893,40
8894,80
8895,32
8896,12
8897,50
8898,80
8899,14
8900,53
8901,87
8902,95
8903,53
8904,50
8905,43
8906,89
8907,69
8908,54
8909,81
8910,79
8911,71
8912,66
8913,33
8914,73
8915,75
8916,85
8917,47
8918,97
8919,14
8920,13
8921,77
8922,2
8923,9
8924,83
8925,53
8926,8
8927,72
8928,83
8929,48
8930,9
8931,16
8932,94
8933,60
8934,37
8935,98
8936,7
8937,52
8938,7
8939,83
8940,4
8941,16
8942,89
8943,71
8944,68
8945,52
8946,32
8947,12
8948,98
8949,45
8950,16
8951,52
8952,2
8953,58
8954,80
8955,96
8956,86
8957,60
8958,13
8959,69
8960,66
8961,14
8962,51
8963,80
8964,74
8965,66
8966,58
8967,72
8968,6
8969,75
8970,81
8971,99
8972,28
8973,88
8974,57
8975,88
8976,84
8977,55
8978,73
8979,47
8980,83
8981,48
8982,79
8983,59
8984,29
8985,82
8986,81
8987,18
8988,81
8989,17
8990,14
8991,69
8992,89
8993,32
8994,39
8995,14
8996,89
8997,72
8998,67
8999,99
9000,28
9001,98
9002,88
9003,20
9004,35
9005,6
9006,60
9007,48
9008,9
9009,18
9010,22
9011,45
9012,39
9013,90
9014,19
9015,37
9016,84
9017,48
9018,9
9019,89
9020,67
9021,83
9022,38
9023,72
9024,21
9025,96
9026,11
9027,5
9028,84
9029,73
9030,12
9031,30
9032,54
9033,31
9034,54
9035,81
9036,72
9037,74
9038,85
9039,89
9040,19
9041,54
9042,93
9043,68
9044,9
9045,91
9046,93
9047,3
9048,5
9049,71
9050,77
9051,55
9052,9
9053,82
9054,4
9055,76
9056,20
9057,60
9058,42
9059,94
9060,55
9061,3
9062,7
9063,87
9064,10
9065,55
9066,50
9067,41
9068,61
9069,60
9070,14
9071,62
9072,71
9073,3
9074,13
9075,93
9076,4
9077,23
9078,33
9079,43
9080,44
9081,58
9082,0
9083,83
9084,49
9085,72
9086,56
9087,20
9088,79
9089,20
9090,73
9091,56
9092,19
9093,80
9094,98
9095,41
9096,26
9097,83
9098,56
9099,47
9100,18
9101,52
9102,10
9103,15
9104,21
9105,80
9106,65
9107,9
9108,2
9109,42
9110,15
9111,72
9112,77
9113,19
9114,73
9115,77
9116,7
9117,69
9118,4
9119,61
9120,80
9121,30
9122,39
9123,6
9124,87
9125,31
9126,33
9127,17
9128,28
9129,41
9130,16
9131,68
9132,45
9133,49
9134,63
9135,71
9136,12
9137,46
9138,77
9139,2
9140,3
9141,65
9142,15
9143,84
9144,19
9145,55
9146,70
9147,62
9148,88
9149,87
9150,30
9151,14
9152,44
9153,99
9154,33
9155,90
9156,16
9157,96
9158,4
9159,24
9160,71
9161,38
9162,88
9163,18
9164,23
9165,68
9166,91
9167,81
9168,10
9169,90
9170,21
9171,57
9172,22
9173,87
9174,82
9175,12
9176,38
9177,55
9178,93
9179,77
9180,84
9181,41
9182,3
9183,9
9184,91
9185,91
9186,94
9187,80
9188,38
9189,19
9190,68
9191,87
9192,18
9193,26
9194,90
9195,50
9196,94
9197,6
9198,45
9199,69
9200,0
9201,55
9202,18
9203,89
9204,95
9205,48
9206,45
9207,54
9208,9
9209,33
9210,68
9211,56
9212,86
9213,80
9214,41
9215,72
9216,71
9217,76
9218,50
9219,60
9220,79
9221,0
9222,95
9223,55
9224,2
9225,27
9226,2
9227,17
9228,83
9229,22
9230,9
9231,88
9232,13
9233,30
9234,27
9235,74
9236,8
9237,17
9238,42
9239,91
9240,11
9241,4
9242,69
9243,74
9244,57
9245,84
9246,27
9247,85
9248,21
9249,91
9250,79
9251,76
9252,81
9253,8
9254,62
9255,85
9256,82
9257,48
9258,73
9259,90
9260,46
9261,42
9262,39
9263,45
9264,34
9265,93
9266,38
9267,55
9268,16
9269,92
9270,94
9271,60
9272,75
9273,83
9274,62
9275,85
9276,48
9277,96
9278,46
9279,5
9280,35
9281,44
9282,75
9283,75
9284,44
9285,3
9286,4
9287,17
9288,37
9289,92
9290,19
9291,50
9292,67
9293,73
9294,83
9295,63
9296,98
9297,62
9298,17
9299,9
9300,99
9301,61
9302,56
9303,10
9304,84
9305,14
9306,71
9307,94
9308,93
9309,85
9310,41
9311,52
9312,73
9313,59
9314,43
9315,82
9316,16
9317,79
9318,50
9319,96
9320,47
9321,11
9322,1
9323,29
9324,78
9325,63
9326,55
9327,85
9328,84
9329,63
9330,80
9331,25
9332,44
9333,35
9334,86
9335,45
9336,59
9337,35
9338,14
9339,21
9340,56
9341,75
9342,52
9343,76
9344,20
9345,48
9346,97
9347,9
9348,22
9349,38
9350,5
9351,75
9352,4
9353,43
9354,89
9355,18
9356,6
9357,9
9358,27
9359,65
9360,6
9361,75
9362,15
9363,29
9364,98
9365,20
9366,30
9367,3
9368,9
9369,50
9370,18
9371,83
9372,71
9373,74
9374,86
9375,55
9376,63
9377,58
9378,36
9379,9
9380,56
9381,18
9382,27
9383,38
9384,14
9385,14
9386,37
9387,9
9388,58
9389,96
9390,1
9391,61
9392,59
9393,21
9394,60
9395,89
9396,82
9397,99
9398,38
9399,52
9400,65
9401,21
9402,32
9403,14
9404,69
9405,79
9406,42
9407,38
9408,46
9409,20
9410,38
9411,47
9412,80
9413,98
9414,65
9415,50
9416,52
9417,93
9418,15
9419,80
9420,79
9421,39
9422,30
9423,99
9424,84
9425,48
9426,15
9427,47
9428,9
9429,58
9430,54
9431,82
9432,3
9433,6
9434,93
9435,61
9436,77
9437,3
9438,17
9439,85
9440,64
9441,74
9442,1
9443,92
9444,10
9445,85
9446,22
9447,90
9448,61
9449,53
9450,74
9451,59
9452,5
9453,88
9454,81
9455,14
9456,77
9457,30
9458,66
9459,63
9460,26
9461,18
9462,46
9463,18
9464,45
9465,22
9466,3
9467,87
9468,26
9469,41
9470,70
9471,50
9472,21
9473,72
9474,90
9475,55
9476,85
9477,3
9478,87
9479,21
9480,16
9481,71
9482,53
9483,27
9484,4
9485,1
9486,8
9487,50
9488,86
9489,61
9490,97
9491,90
9492,10
9493,9
9494,72
9495,89
9496,80
9497,7
9498,99
9499,23
9500,81
9501,28
9502,14
9503,93
9504,90
9505,45
9506,94
9507,79
9508,63
9509,89
9510,47
9511,31
9512,26
9513,52
9514,68
9515,71
9516,9
9517,67
9518,81
9519,57
9520,54
9521,67
9522,15
9523,21
9524,1
9525,34
9526,21
9527,77
9528,55
9529,5
9530,12
9531,93
9532,6
9533,22
9534,9
9535,66
9536,55
9537,44
9538,55
9539,80
9540,73
9541,67
9542,81
9543,63
9544,57
9545,23
9546,81
9547,86
9548,96
9549,60
9550,2
9551,75
9552,98
9553,70
9554,6
9555,16
9556,8
9557,14
9558,22
9559,86
9560,87
9561,18
9562,65
9563,62
9564,49
9565,70
9566,57
9567,24
9568,27
9569,28
9570,91
9571,23
9572,58
9573,64
9574,18
9575,42
9576,98
9577,95
9578,72
9579,11
9580,9
9581,79
9582,36
9583,90
9584,12
9585,21
9586,86
9587,97
9588,53
9589,10
9590,97
9591,3
9592,61
9593,20
9594,22
9595,57
9596,25
9597,79
9598,68
9599,68
9600,20
9601,49
9602,67
9603,94
9604,16
9605,48
9606,4
9607,95
9608,84
9609,80
9610,7
9611,78
9612,34
9613,43
9614,85
9615,48
9616,2
9617,5
9618,6
9619,85
9620,30
9621,56
9622,99
9623,73
9624,86
9625,11
9626,76
9627,50
9628,30
9629,53
9630,1
9631,18
9632,27
9633,92
9634,23
9635,98
9636,73
9637,40
9638,55
9639,62
9640,98
9641,23
9642,78
9643,37
9644,67
9645,80
9646,8
9647,15
9648,4
9649,80
9650,27
9651,60
9652,6
9653,54
9654,48
9655,16
9656,57
9657,94
9658,30
9659,92
9660,43
9661,92
9662,58
9663,19
9664,23
9665,31
9666,65
9667,96
9668,95
9669,24
9670,99
9671,86
9672,9
9673,48
9674,11
9675,52
9676,58
9677,38
9678,85
9679,4
9680,64
9681,82
9682,72
9683,55
9684,43
9685,81
9686,80
9687,47
9688,52
9689,9
9690,53
9691,7
9692,18
9693,83
9694,21
9695,85
9696,9
9697,69
9698,53
9699,80
9700,59
9701,4
9702,33
9703,1
9704,48
9705,79
9706,12
9707,72
9708,89
9709,98
9710,61
9711,82
9712,1
9713,31
9714,5
9715,90
9716,9
9717,73
9718,69
9719,36
9720,65
9721,84
9722,95
9723,84
9724,28
9725,83
9726,69
9727,57
9728,9
9729,76
9730,9
9731,45
9732,90
9733,46
9734,94
9735,24
9736,16
9737,62
9738,18
9739,38
9740,97
9741,7
9742,54
9743,15
9744,66
9745,3
9746,41
9747,66
9748,44
9749,27
9750,45
9751,14
9752,32
9753,5
9754,27
9755,9
9756,93
9757,37
9758,19
9759,40
9760,7
9761,96
9762,65
9763,46
9764,97
9765,23
9766,39
9767,41
9768,97
9769,25
9770,87
9771,52
9772,27
9773,56
9774,98
9775,62
9776,8
9777,69
9778,34
9779,72
9780,34
9781,18
9782,67
9783,64
9784,9
9785,96
9786,23
9787,64
9788,40
9789,36
9790,97
9791,28
9792,18
9793,49
9794,62
9795,28
9796,29
9797,72
9798,9
9799,81
9800,91
9801,81
9802,87
9803,21
9804,55
9805,80
9806,86
9807,48
9808,17
9809,12
9810,6
9811,55
9812,79
9813,96
9814,5
9815,13
9816,35
9817,85
9818,21
9819,76
9820,16
9821,59
9822,13
9823,30
9824,60
9825,98
9826,51
9827,72
9828,87
9829,38
9830,72
9831,53
9832,11
9833,48
9834,24
9835,13
9836,31
9837,29
9838,5
9839,2
9840,61
9841,29
9842,7
9843,98
9844,45
9845,99
9846,27
9847,51
9848,91
9849,0
9850,98
9851,55
9852,57
9853,4
9854,60
9855,90
9856,87
9857,9
9858,46
9859,24
9860,99
9861,77
9862,57
9863,62
9864,57
9865,62
9866,69
9867,69
9868,91
9869,56
9870,93
9871,58
9872,0
9873,20
9874,6
9875,24
9876,82
9877,79
9878,58
9879,76
9880,58
9881,21
9882,85
9883,55
9884,62
9885,27
9886,64
9887,46
9888,62
9889,56
9890,95
9891,28
9892,50
9893,50
9894,24
9895,31
9896,95
9897,62
9898,2
9899,72
9900,47
9901,68
9902,27
9903,85
9904,0
9905,69
9906,35
9907,82
9908,62
9909,38
9910,86
9911,57
9912,72
9913,73
9914,96
9915,73
9916,89
9917,85
9918,90
9919,69
9920,82
9921,98
9922,89
9923,68
9924,68
9925,76
9926,31
9927,58
9928,8
9929,89
9930,81
9931,30
9932,78
9933,82
9934,96
9935,99
9936,44
9937,12
9938,70
9939,38
9940,82
9941,93
9942,66
9943,62
9944,80
9945,64
9946,87
9947,29
9948,72
9949,93
9950,56
9951,18
9952,80
9953,4
9954,95
9955,54
9956,0
9957,45
9958,86
9959,99
9960,79
9961,51
9962,24
9963,86
9964,19
9965,97
9966,4
9967,66
9968,83
9969,90
9970,80
9971,86
9972,10
9973,49
9974,98
9975,14
9976,77
9977,83
9978,21
9979,27
9980,30
9981,52
9982,55
9983,89
9984,66
9985,90
9986,14
9987,77
9988,3
9989,7
9990,51
9991,27
9992,16
9993,30
9994,74
9995,9
9996,63
9997,18
9998,44
9999,26
